time (sec),X raw (m/s^2),Y raw (m/s^2),Z raw (m/s^2),,
0,10.0748,-1.05345,-0.0574608,,
0.0100066,10.094,-1.0726,0.0191536,,
0.0200132,10.1131,-1.0726,-0.0383072,,
0.0300199,10.094,-1.0726,-0.0574608,,
0.0400265,10.094,-1.0726,-0.0383072,,
0.0500331,10.0748,-1.0726,-0.0383072,,
0.0600397,10.0748,-1.0726,-0.0383072,,
0.0700463,10.1131,-1.09176,-0.0383072,,
0.0800529,10.1131,-1.0726,-0.0191536,,
0.0900596,10.1131,-1.0726,-0.0191536,,
0.100066,10.1131,-1.05345,-0.0574608,,
0.110073,10.1131,-1.0726,-0.0957681,,
0.120079,10.094,-1.05345,-0.0957681,,
0.130086,10.094,-1.05345,-0.0766145,,
0.140093,10.1323,-1.0726,-0.0957681,,
0.150099,10.094,-1.05345,-0.0574608,,
0.160106,10.094,-1.0726,-0.114922,,
0.170112,10.1131,-1.09176,-0.114922,,
0.180119,10.094,-1.09176,-0.114922,,
0.190126,10.094,-1.0726,-0.114922,,
0.200132,10.1131,-1.0726,-0.114922,,
0.210139,10.094,-1.09176,-0.114922,,
0.220146,10.094,-1.0726,-0.134075,,
0.230152,10.0748,-1.0726,-0.134075,,
0.240159,10.094,-1.0726,-0.134075,,
0.250165,10.094,-1.05345,-0.134075,,
0.260172,10.094,-1.09176,-0.134075,,
0.270179,10.0748,-1.09176,-0.153229,,
0.280185,10.094,-1.0726,-0.172383,,
0.290192,10.0748,-1.05345,-0.172383,,
0.300199,10.0748,-1.05345,-0.134075,,
0.310205,10.0556,-1.05345,-0.134075,,
0.320212,10.094,-1.05345,-0.172383,,
0.330218,10.094,-1.09176,-0.153229,,
0.340225,10.094,-1.09176,-0.172383,,
0.350232,10.094,-1.0726,-0.134075,,
0.360238,10.094,-1.09176,-0.172383,,
0.370245,10.0748,-1.09176,-0.172383,,
0.380251,10.094,-1.09176,-0.172383,,
0.390258,10.094,-1.0726,-0.134075,,
0.400265,10.0748,-1.09176,-0.191536,,
0.410271,10.1131,-1.09176,-0.191536,,
0.420278,10.094,-1.05345,-0.172383,,
0.430285,10.094,-1.11091,-0.172383,,
0.440291,10.094,-1.0726,-0.153229,,
0.450298,10.094,-1.05345,-0.134075,,
0.460304,10.1131,-1.09176,-0.153229,,
0.470311,10.094,-1.09176,-0.134075,,
0.480318,10.1131,-1.09176,-0.0957681,,
0.490324,10.094,-1.09176,-0.134075,,
0.500331,10.094,-1.09176,-0.114922,,
0.510337,10.094,-1.09176,-0.114922,,
0.520344,10.094,-1.09176,-0.114922,,
0.530351,10.1131,-1.09176,-0.0957681,,
0.540357,10.094,-1.09176,-0.0957681,,
0.550364,10.094,-1.0726,-0.114922,,
0.560371,10.1131,-1.09176,-0.0766145,,
0.570377,10.094,-1.0726,-0.0957681,,
0.580384,10.094,-1.09176,-0.0574608,,
0.59039,10.094,-1.0726,-0.0766145,,
0.600397,10.0748,-1.09176,-0.0957681,,
0.610404,10.0748,-1.11091,-0.0574608,,
0.62041,10.094,-1.09176,-0.0574608,,
0.630417,10.0748,-1.11091,-0.0574608,,
0.640424,10.094,-1.11091,-0.0766145,,
0.65043,10.0748,-1.09176,-0.0574608,,
0.660437,10.094,-1.0726,-0.0191536,,
0.670443,10.094,-1.0726,-0.0383072,,
0.68045,10.094,-1.09176,-0.0383072,,
0.690457,10.0748,-1.0726,-0.0191536,,
0.700463,10.094,-1.09176,-0.0191536,,
0.71047,10.094,-1.11091,-0.0191536,,
0.720476,10.094,-1.13006,0,,
0.730483,10.0748,-1.09176,-0.0383072,,
0.74049,10.094,-1.09176,0,,
0.750496,10.0748,-1.09176,-0.0191536,,
0.760503,10.094,-1.0726,0.0191536,,
0.77051,10.0748,-1.11091,0,,
0.780516,10.094,-1.09176,-0.0191536,,
0.790523,10.094,-1.09176,-0.0191536,,
0.800529,10.094,-1.09176,-0.0383072,,
0.810536,10.1131,-1.13006,-0.0383072,,
0.820543,10.0748,-1.09176,0,,
0.830549,10.0748,-1.09176,0,,
0.840556,10.0748,-1.11091,-0.0574608,,
0.850562,10.094,-1.09176,-0.0574608,,
0.860569,10.0748,-1.09176,-0.0383072,,
0.870576,10.094,-1.11091,-0.0383072,,
0.880582,10.094,-1.13006,-0.0574608,,
0.890589,10.094,-1.09176,-0.0574608,,
0.900596,10.094,-1.11091,-0.0383072,,
0.910602,10.094,-1.09176,-0.0574608,,
0.920609,10.094,-1.13006,-0.0574608,,
0.930615,10.094,-1.11091,-0.0957681,,
0.940622,10.094,-1.09176,-0.114922,,
0.950629,10.094,-1.13006,-0.114922,,
0.960635,10.0556,-1.09176,-0.153229,,
0.970642,10.0748,-1.09176,-0.134075,,
0.980649,10.094,-1.13006,-0.191536,,
0.990655,10.0748,-1.09176,-0.21069,,
1.00066,10.0556,-1.11091,-0.21069,,
1.01067,10.0748,-1.09176,-0.248997,,
1.02067,10.0365,-1.0726,-0.229843,,
1.03068,10.0748,-1.0726,-0.248997,,
1.04069,10.0556,-1.09176,-0.248997,,
1.05069,10.0365,-1.09176,-0.191536,,
1.0607,10.0365,-1.09176,-0.153229,,
1.07071,10.0365,-1.09176,-0.114922,,
1.08071,10.0173,-1.11091,-0.0574608,,
1.09072,10.0173,-1.11091,-0.0191536,,
1.10073,9.99819,-1.11091,0.0191536,,
1.11073,9.97903,-1.11091,0.0957681,,
1.12074,9.97903,-1.11091,0.114922,,
1.13075,9.97903,-1.13006,0.153229,,
1.14075,9.97903,-1.09176,0.134075,,
1.15076,9.99819,-1.0726,0.134075,,
1.16077,10.0173,-1.0726,0.172383,,
1.17077,9.99819,-1.09176,0.114922,,
1.18078,10.0365,-1.09176,0.114922,,
1.19079,10.0365,-1.11091,0.0957681,,
1.20079,10.0365,-1.11091,0.0383072,,
1.2108,10.0365,-1.05345,-0.0574608,,
1.22081,10.0556,-1.0726,-0.0383072,,
1.23081,10.0748,-1.0726,-0.0191536,,
1.24082,10.0748,-1.0343,0.0383072,,
1.25083,10.0365,-1.01514,0.0766145,,
1.26083,10.0556,-0.995988,0.114922,,
1.27084,10.0365,-1.01514,0.114922,,
1.28085,10.0173,-1.05345,0.191536,,
1.29085,10.0173,-1.0726,0.153229,,
1.30086,10.0173,-1.13006,0.172383,,
1.31087,10.0173,-1.14922,0.134075,,
1.32087,10.0173,-1.16837,0.0574608,,
1.33088,10.0748,-1.14922,0,,
1.34089,10.1323,-1.09176,-0.172383,,
1.35089,10.1897,-1.05345,-0.21069,,
1.3609,10.2089,-1.05345,-0.21069,,
1.37091,10.2472,-1.0343,-0.21069,,
1.38091,10.2855,-1.0343,-0.268151,,
1.39092,10.3046,-1.01514,-0.248997,,
1.40093,10.2855,-0.995988,-0.229843,,
1.41093,10.2472,-0.957681,-0.172383,,
1.42094,10.2089,-0.995988,-0.134075,,
1.43095,10.1897,-1.0343,-0.0574608,,
1.44095,10.1323,-1.01514,0.0574608,,
1.45096,10.1323,-1.0343,0.0191536,,
1.46097,10.1514,-1.01514,0.0191536,,
1.47097,10.094,-1.01514,-0.0766145,,
1.48098,10.0748,-1.0343,-0.0574608,,
1.49099,10.0365,-1.0726,-0.0766145,,
1.50099,10.0365,-1.0726,-0.153229,,
1.511,10.0365,-1.09176,-0.21069,,
1.52101,10.0556,-1.0726,-0.306458,,
1.53101,10.094,-1.05345,-0.383072,,
1.54102,10.094,-0.976834,-0.459687,,
1.55103,10.1131,-0.938527,-0.42138,,
1.56103,10.1131,-0.919373,-0.402226,,
1.57104,10.0748,-0.938527,-0.383072,,
1.58105,10.0748,-0.957681,-0.42138,,
1.59105,10.0556,-0.938527,-0.440533,,
1.60106,10.094,-0.976834,-0.517148,,
1.61107,10.0556,-0.976834,-0.517148,,
1.62107,10.0748,-0.957681,-0.555455,,
1.63108,10.0748,-0.938527,-0.536301,,
1.64109,10.0748,-0.90022,-0.497994,,
1.65109,10.0556,-0.919373,-0.517148,,
1.6611,10.0556,-0.938527,-0.497994,,
1.67111,10.0365,-0.957681,-0.459687,,
1.68111,10.0173,-0.957681,-0.440533,,
1.69112,10.0173,-0.976834,-0.383072,,
1.70112,10.0173,-0.938527,-0.42138,,
1.71113,9.99819,-0.938527,-0.440533,,
1.72114,9.99819,-0.90022,-0.42138,,
1.73114,9.97903,-0.881066,-0.459687,,
1.74115,9.99819,-0.842759,-0.459687,,
1.75116,9.99819,-0.823605,-0.344765,,
1.76116,10.0173,-0.785298,-0.268151,,
1.77117,9.97903,-0.785298,-0.153229,,
1.78118,9.95988,-0.823605,-0.0766145,,
1.79118,9.97903,-0.842759,-0.0766145,,
1.80119,9.97903,-0.766145,0,,
1.8112,10.0173,-0.727837,0.0383072,,
1.8212,10.0748,-0.68953,0.114922,,
1.83121,10.1323,-0.670376,0.229843,,
1.84122,10.1514,-0.746991,0.306458,,
1.85122,10.1706,-0.785298,0.363919,,
1.86123,10.1897,-0.938527,0.47884,,
1.87124,10.228,-1.01514,0.47884,,
1.88124,10.1897,-1.0343,0.47884,,
1.89125,10.2089,-1.01514,0.497994,,
1.90126,10.2855,-0.823605,0.459687,,
1.91126,10.343,-0.670376,0.47884,,
1.92127,10.3813,-0.593762,0.402226,,
1.93128,10.3621,-0.517148,0.402226,,
1.94128,10.3813,-0.574608,0.363919,,
1.95129,10.4004,-0.574608,0.287304,,
1.9613,10.4196,-0.612916,0.134075,,
1.9713,10.4387,-0.651223,0,,
1.98131,10.4579,-0.632069,-0.0383072,,
1.99132,10.5345,-0.612916,-0.0957681,,
2.00132,10.5345,-0.555455,-0.0957681,,
2.01133,10.5153,-0.632069,-0.153229,,
2.02134,10.4962,-0.708684,-0.191536,,
2.03134,10.4962,-0.823605,-0.459687,,
2.04135,10.477,-0.766145,-0.574608,,
2.05136,10.477,-0.68953,-0.651223,,
2.06136,10.4579,-0.517148,-0.727837,,
2.07137,10.4387,-0.42138,-0.746991,,
2.08138,10.4196,-0.344765,-0.727837,,
2.09138,10.3046,-0.459687,-0.68953,,
2.10139,10.228,-0.574608,-0.670376,,
2.1114,10.1706,-0.68953,-0.670376,,
2.1214,10.1131,-0.766145,-0.670376,,
2.13141,9.99819,-0.823605,-0.574608,,
2.14142,9.94073,-0.804452,-0.47884,,
2.15142,9.90242,-0.746991,-0.47884,,
2.16143,9.7875,-0.632069,-0.459687,,
2.17144,9.71088,-0.593762,-0.555455,,
2.18144,9.65342,-0.555455,-0.497994,,
2.19145,9.51935,-0.47884,-0.47884,,
2.20146,9.44273,-0.440533,-0.440533,,
2.21146,9.38527,-0.440533,-0.402226,,
2.22147,9.34696,-0.47884,-0.363919,,
2.23148,9.27035,-0.517148,-0.325611,,
2.24148,9.27035,-0.593762,-0.325611,,
2.25149,9.27035,-0.612916,-0.306458,,
2.2615,9.2895,-0.632069,-0.229843,,
2.2715,9.34696,-0.632069,-0.191536,,
2.28151,9.40442,-0.593762,-0.134075,,
2.29152,9.57681,-0.555455,-0.0383072,,
2.30152,9.65342,-0.517148,-0.0574608,,
2.31153,9.7875,-0.517148,-0.0766145,,
2.32154,9.97903,-0.47884,0.0191536,,
2.33154,10.0748,-0.47884,0.0766145,,
2.34155,10.1706,-0.47884,0.0957681,,
2.35156,10.2663,-0.47884,0.172383,,
2.36156,10.4579,-0.459687,0.287304,,
2.37157,10.5728,-0.536301,0.287304,,
2.38157,10.6303,-0.517148,0.306458,,
2.39158,10.7452,-0.574608,0.325611,,
2.40159,10.7835,-0.612916,0.383072,,
2.41159,10.8218,-0.632069,0.383072,,
2.4216,10.8409,-0.593762,0.47884,,
2.43161,10.8601,-0.593762,0.497994,,
2.44161,10.8601,-0.536301,0.497994,,
2.45162,10.8026,-0.517148,0.459687,,
2.46163,10.7452,-0.497994,0.459687,,
2.47163,10.7069,-0.459687,0.497994,,
2.48164,10.6111,-0.459687,0.497994,,
2.49165,10.4196,-0.47884,0.517148,,
2.50165,10.3238,-0.497994,0.497994,,
2.51166,10.228,-0.536301,0.497994,,
2.52167,10.0556,-0.651223,0.47884,,
2.53167,9.95988,-0.708684,0.42138,,
2.54168,9.86411,-0.708684,0.402226,,
2.55169,9.69173,-0.670376,0.383072,,
2.56169,9.63427,-0.670376,0.363919,,
2.5717,9.55765,-0.632069,0.363919,,
2.58171,9.46189,-0.632069,0.268151,,
2.59171,9.42358,-0.612916,0.21069,,
2.60172,9.42358,-0.612916,0.229843,,
2.61173,9.40442,-0.612916,0.229843,,
2.62173,9.40442,-0.593762,0.21069,,
2.63174,9.44273,-0.632069,0.172383,,
2.64175,9.48104,-0.651223,0.114922,,
2.65175,9.57681,-0.708684,0.0191536,,
2.66176,9.63427,-0.746991,0.0191536,,
2.67177,9.69173,-0.785298,-0.0191536,,
2.68177,9.86411,-0.804452,-0.0574608,,
2.69178,9.95988,-0.785298,-0.0766145,,
2.70179,10.0556,-0.823605,-0.0957681,,
2.71179,10.1897,-0.823605,-0.172383,,
2.7218,10.3046,-0.823605,-0.248997,,
2.73181,10.3621,-0.823605,-0.287304,,
2.74181,10.4387,-0.804452,-0.325611,,
2.75182,10.5919,-0.766145,-0.325611,,
2.76183,10.6303,-0.785298,-0.325611,,
2.77183,10.6686,-0.746991,-0.325611,,
2.78184,10.7452,-0.804452,-0.402226,,
2.79185,10.7452,-0.842759,-0.440533,,
2.80185,10.7452,-0.938527,-0.497994,,
2.81186,10.7069,-1.01514,-0.555455,,
2.82187,10.6686,-1.01514,-0.536301,,
2.83187,10.6303,-0.995988,-0.517148,,
2.84188,10.5728,-0.995988,-0.517148,,
2.85189,10.4387,-0.976834,-0.517148,,
2.86189,10.4004,-0.976834,-0.593762,,
2.8719,10.3238,-0.957681,-0.593762,,
2.88191,10.1514,-0.976834,-0.670376,,
2.89191,10.094,-0.995988,-0.632069,,
2.90192,9.99819,-0.976834,-0.612916,,
2.91193,9.86411,-1.01514,-0.555455,,
2.92193,9.7875,-1.0343,-0.497994,,
2.93194,9.73004,-1.05345,-0.517148,,
2.94195,9.59596,-1.09176,-0.536301,,
2.95195,9.55765,-1.05345,-0.555455,,
2.96196,9.5385,-1.0726,-0.555455,,
2.97197,9.5385,-1.0726,-0.47884,,
2.98197,9.51935,-1.09176,-0.42138,,
2.99198,9.51935,-1.13006,-0.402226,,
3.00199,9.5385,-1.09176,-0.344765,,
3.01199,9.59596,-1.14922,-0.344765,,
3.022,9.63427,-1.14922,-0.344765,,
3.03201,9.69173,-1.14922,-0.306458,,
3.04201,9.80665,-1.16837,-0.268151,,
3.05202,9.88326,-1.16837,-0.229843,,
3.06202,9.95988,-1.16837,-0.191536,,
3.07203,10.0365,-1.22583,-0.134075,,
3.08204,10.1706,-1.28329,-0.0766145,,
3.09204,10.2472,-1.34075,-0.0574608,,
3.10205,10.3238,-1.34075,-0.0191536,,
3.11206,10.4196,-1.34075,0.0191536,,
3.12206,10.4962,-1.34075,0.0383072,,
3.13207,10.4962,-1.34075,0.0957681,,
3.14208,10.5919,-1.3216,0.191536,,
3.15208,10.5919,-1.3216,0.21069,,
3.16209,10.6111,-1.3216,0.229843,,
3.1721,10.6111,-1.34075,0.268151,,
3.1821,10.5728,-1.34075,0.306458,,
3.19211,10.5536,-1.37906,0.287304,,
3.20212,10.5153,-1.39821,0.287304,,
3.21212,10.4004,-1.45567,0.344765,,
3.22213,10.343,-1.45567,0.363919,,
3.23214,10.3046,-1.47483,0.363919,,
3.24214,10.1514,-1.47483,0.402226,,
3.25215,10.0748,-1.45567,0.402226,,
3.26216,10.0173,-1.41737,0.363919,,
3.27216,9.88326,-1.45567,0.344765,,
3.28217,9.84496,-1.45567,0.325611,,
3.29218,9.7875,-1.47483,0.344765,,
3.30218,9.67257,-1.47483,0.363919,,
3.31219,9.61511,-1.47483,0.383072,,
3.3222,9.59596,-1.45567,0.344765,,
3.3322,9.59596,-1.45567,0.306458,,
3.34221,9.55765,-1.45567,0.306458,,
3.35222,9.55765,-1.45567,0.248997,,
3.36222,9.57681,-1.49398,0.248997,,
3.37223,9.61511,-1.49398,0.248997,,
3.38224,9.65342,-1.51314,0.268151,,
3.39224,9.67257,-1.55144,0.248997,,
3.40225,9.7875,-1.55144,0.21069,,
3.41226,9.80665,-1.55144,0.134075,,
3.42226,9.88326,-1.55144,0.114922,,
3.43227,10.0173,-1.5706,0.0383072,,
3.44228,10.094,-1.53229,0.0383072,,
3.45228,10.1706,-1.55144,0,,
3.46229,10.2089,-1.55144,0.0191536,,
3.4723,10.3238,-1.58975,0.0191536,,
3.4823,10.3621,-1.6089,-0.0383072,,
3.49231,10.4004,-1.62806,-0.114922,,
3.50232,10.4579,-1.64721,-0.172383,,
3.51232,10.477,-1.62806,-0.229843,,
3.52233,10.4962,-1.62806,-0.229843,,
3.53234,10.4962,-1.5706,-0.268151,,
3.54234,10.4962,-1.55144,-0.268151,,
3.55235,10.4579,-1.55144,-0.287304,,
3.56236,10.4196,-1.6089,-0.402226,,
3.57236,10.3621,-1.62806,-0.42138,,
3.58237,10.3238,-1.62806,-0.47884,,
3.59238,10.2663,-1.66636,-0.497994,,
3.60238,10.1514,-1.64721,-0.440533,,
3.61239,10.1131,-1.62806,-0.440533,,
3.6224,10.0556,-1.6089,-0.47884,,
3.6324,9.97903,-1.6089,-0.497994,,
3.64241,9.90242,-1.6089,-0.555455,,
3.65242,9.84496,-1.6089,-0.555455,,
3.66242,9.74919,-1.53229,-0.574608,,
3.67243,9.71088,-1.47483,-0.574608,,
3.68244,9.67257,-1.49398,-0.497994,,
3.69244,9.63427,-1.47483,-0.517148,,
3.70245,9.65342,-1.49398,-0.536301,,
3.71246,9.63427,-1.51314,-0.517148,,
3.72246,9.63427,-1.55144,-0.536301,,
3.73247,9.65342,-1.58975,-0.517148,,
3.74247,9.67257,-1.58975,-0.459687,,
3.75248,9.73004,-1.53229,-0.459687,,
3.76249,9.7875,-1.53229,-0.383072,,
3.77249,9.84496,-1.49398,-0.402226,,
3.7825,9.88326,-1.53229,-0.42138,,
3.79251,9.97903,-1.53229,-0.42138,,
3.80251,10.0556,-1.55144,-0.402226,,
3.81252,10.0748,-1.55144,-0.325611,,
3.82253,10.2089,-1.51314,-0.248997,,
3.83253,10.2472,-1.47483,-0.248997,,
3.84254,10.3046,-1.47483,-0.229843,,
3.85255,10.343,-1.43652,-0.172383,,
3.86255,10.4004,-1.49398,-0.191536,,
3.87256,10.4196,-1.49398,-0.172383,,
3.88257,10.4196,-1.53229,-0.114922,,
3.89257,10.4387,-1.51314,-0.0574608,,
3.90258,10.4387,-1.51314,0.0191536,,
3.91259,10.4196,-1.49398,-0.0191536,,
3.92259,10.3813,-1.45567,0.0574608,,
3.9326,10.3621,-1.41737,0.0766145,,
3.94261,10.3238,-1.39821,0.0574608,,
3.95261,10.2855,-1.37906,0.0957681,,
3.96262,10.228,-1.3216,0.153229,,
3.97263,10.1514,-1.35991,0.134075,,
3.98263,10.1131,-1.41737,0.191536,,
3.99264,10.0173,-1.45567,0.229843,,
4.00265,9.95988,-1.43652,0.21069,,
4.01265,9.94073,-1.45567,0.229843,,
4.02266,9.84496,-1.3216,0.248997,,
4.03267,9.8258,-1.3216,0.248997,,
4.04267,9.8258,-1.26414,0.268151,,
4.05268,9.74919,-1.16837,0.306458,,
4.06269,9.76834,-1.16837,0.287304,,
4.07269,9.76834,-1.16837,0.287304,,
4.0827,9.74919,-1.18752,0.306458,,
4.09271,9.74919,-1.22583,0.268151,,
4.10271,9.73004,-1.22583,0.287304,,
4.11272,9.76834,-1.22583,0.248997,,
4.12273,9.8258,-1.20668,0.248997,,
4.13273,9.88326,-1.22583,0.21069,,
4.14274,9.92157,-1.18752,0.229843,,
4.15275,9.99819,-1.16837,0.21069,,
4.16275,10.0556,-1.14922,0.21069,,
4.17276,10.094,-1.18752,0.191536,,
4.18277,10.1323,-1.11091,0.172383,,
4.19277,10.1897,-1.16837,0.114922,,
4.20278,10.2089,-1.14922,0.114922,,
4.21279,10.2663,-1.14922,0.0766145,,
4.22279,10.3621,-1.0726,0.0383072,,
4.2328,10.3813,-0.995988,-0.0191536,,
4.24281,10.4004,-0.976834,0,,
4.25281,10.4196,-0.976834,-0.0574608,,
4.26282,10.4196,-1.0343,-0.0574608,,
4.27283,10.4196,-1.05345,-0.153229,,
4.28283,10.3621,-1.11091,-0.191536,,
4.29284,10.343,-1.13006,-0.229843,,
4.30285,10.3046,-1.11091,-0.21069,,
4.31285,10.2855,-1.05345,-0.248997,,
4.32286,10.2472,-0.957681,-0.248997,,
4.33287,10.2089,-0.919373,-0.306458,,
4.34287,10.1706,-0.881066,-0.325611,,
4.35288,10.1323,-0.90022,-0.383072,,
4.36289,10.0748,-0.938527,-0.42138,,
4.37289,10.0365,-0.957681,-0.440533,,
4.3829,9.94073,-1.01514,-0.42138,,
4.39291,9.90242,-0.976834,-0.440533,,
4.40291,9.90242,-0.957681,-0.459687,,
4.41292,9.86411,-0.823605,-0.517148,,
4.42292,9.88326,-0.785298,-0.536301,,
4.43293,9.86411,-0.746991,-0.517148,,
4.44294,9.86411,-0.727837,-0.536301,,
4.45294,9.84496,-0.766145,-0.536301,,
4.46295,9.84496,-0.842759,-0.517148,,
4.47296,9.84496,-0.881066,-0.497994,,
4.48296,9.86411,-0.957681,-0.555455,,
4.49297,9.90242,-0.919373,-0.536301,,
4.50298,9.92157,-0.881066,-0.536301,,
4.51298,10.0173,-0.746991,-0.517148,,
4.52299,10.0556,-0.651223,-0.536301,,
4.533,10.094,-0.651223,-0.497994,,
4.543,10.1514,-0.670376,-0.47884,,
4.55301,10.1706,-0.746991,-0.47884,,
4.56302,10.2089,-0.804452,-0.47884,,
4.57302,10.228,-0.823605,-0.47884,,
4.58303,10.2663,-0.842759,-0.42138,,
4.59304,10.2855,-0.785298,-0.402226,,
4.60304,10.3238,-0.708684,-0.344765,,
4.61305,10.3621,-0.651223,-0.306458,,
4.62306,10.343,-0.612916,-0.248997,,
4.63306,10.3621,-0.632069,-0.248997,,
4.64307,10.3621,-0.670376,-0.229843,,
4.65308,10.3238,-0.708684,-0.21069,,
4.66308,10.2855,-0.727837,-0.153229,,
4.67309,10.2472,-0.746991,-0.134075,,
4.6831,10.2472,-0.708684,-0.114922,,
4.6931,10.2089,-0.68953,-0.0766145,,
4.70311,10.1706,-0.632069,-0.0574608,,
4.71312,10.1514,-0.555455,0.0191536,,
4.72312,10.094,-0.574608,0.0383072,,
4.73313,10.0748,-0.612916,0.0766145,,
4.74314,9.97903,-0.651223,0.114922,,
4.75314,9.95988,-0.670376,0.114922,,
4.76315,9.94073,-0.727837,0.114922,,
4.77316,9.90242,-0.670376,0.153229,,
4.78316,9.88326,-0.632069,0.191536,,
4.79317,9.88326,-0.593762,0.191536,,
4.80318,9.88326,-0.574608,0.229843,,
4.81318,9.90242,-0.593762,0.229843,,
4.82319,9.92157,-0.612916,0.248997,,
4.8332,9.90242,-0.670376,0.229843,,
4.8432,9.92157,-0.632069,0.268151,,
4.85321,9.94073,-0.632069,0.287304,,
4.86322,9.97903,-0.632069,0.268151,,
4.87322,10.0365,-0.632069,0.325611,,
4.88323,10.0556,-0.632069,0.306458,,
4.89324,10.094,-0.593762,0.306458,,
4.90324,10.1131,-0.708684,0.287304,,
4.91325,10.1706,-0.670376,0.268151,,
4.92326,10.1897,-0.612916,0.248997,,
4.93326,10.2089,-0.632069,0.268151,,
4.94327,10.2472,-0.632069,0.248997,,
4.95328,10.2855,-0.651223,0.248997,,
4.96328,10.2855,-0.651223,0.229843,,
4.97329,10.2855,-0.68953,0.134075,,
4.9833,10.2855,-0.68953,0.0957681,,
4.9933,10.2663,-0.708684,0.0957681,,
5.00331,10.2855,-0.632069,0.0766145,,
5.01332,10.2855,-0.612916,0.0957681,,
5.02332,10.2663,-0.670376,0.0957681,,
5.03333,10.2472,-0.670376,0.0574608,,
5.04334,10.1897,-0.708684,-0.0574608,,
5.05334,10.1514,-0.68953,-0.0766145,,
5.06335,10.1514,-0.670376,-0.0957681,,
5.07336,10.094,-0.746991,-0.114922,,
5.08336,10.0748,-0.708684,-0.114922,,
5.09337,10.0365,-0.727837,-0.172383,,
5.10337,9.99819,-0.68953,-0.268151,,
5.11338,9.99819,-0.727837,-0.268151,,
5.12339,9.97903,-0.746991,-0.287304,,
5.13339,9.94073,-0.727837,-0.325611,,
5.1434,9.94073,-0.746991,-0.325611,,
5.15341,9.94073,-0.746991,-0.325611,,
5.16341,9.92157,-0.727837,-0.363919,,
5.17342,9.95988,-0.804452,-0.402226,,
5.18343,9.94073,-0.785298,-0.42138,,
5.19343,9.94073,-0.804452,-0.440533,,
5.20344,9.97903,-0.785298,-0.459687,,
5.21345,9.99819,-0.766145,-0.47884,,
5.22345,10.0173,-0.842759,-0.47884,,
5.23346,10.0365,-0.823605,-0.47884,,
5.24347,10.094,-0.861913,-0.497994,,
5.25347,10.094,-0.842759,-0.517148,,
5.26348,10.1323,-0.861913,-0.517148,,
5.27349,10.1706,-0.881066,-0.536301,,
5.28349,10.1897,-0.881066,-0.497994,,
5.2935,10.2089,-0.919373,-0.517148,,
5.30351,10.228,-0.919373,-0.459687,,
5.31351,10.2472,-0.90022,-0.497994,,
5.32352,10.228,-0.90022,-0.47884,,
5.33353,10.2472,-0.919373,-0.459687,,
5.34353,10.2472,-0.881066,-0.42138,,
5.35354,10.2663,-0.919373,-0.42138,,
5.36355,10.228,-0.957681,-0.383072,,
5.37355,10.2472,-0.957681,-0.363919,,
5.38356,10.2089,-0.976834,-0.344765,,
5.39357,10.1897,-0.995988,-0.344765,,
5.40357,10.1514,-1.01514,-0.287304,,
5.41358,10.1131,-1.0343,-0.287304,,
5.42359,10.1323,-1.01514,-0.268151,,
5.43359,10.0748,-1.05345,-0.21069,,
5.4436,10.0556,-1.0343,-0.172383,,
5.45361,10.0365,-1.01514,-0.134075,,
5.46361,9.99819,-1.05345,-0.114922,,
5.47362,9.99819,-1.09176,-0.0766145,,
5.48363,9.97903,-1.09176,-0.0574608,,
5.49363,9.97903,-1.09176,0,,
5.50364,9.95988,-1.0726,0.0191536,,
5.51365,9.94073,-1.11091,0.0191536,,
5.52365,9.92157,-1.13006,0.0574608,,
5.53366,9.95988,-1.09176,0.0957681,,
5.54367,9.95988,-1.0726,0.134075,,
5.55367,9.97903,-1.13006,0.172383,,
5.56368,9.99819,-1.13006,0.21069,,
5.57369,9.97903,-1.16837,0.248997,,
5.58369,10.0365,-1.16837,0.229843,,
5.5937,10.0556,-1.22583,0.229843,,
5.60371,10.0556,-1.22583,0.287304,,
5.61371,10.0748,-1.24498,0.287304,,
5.62372,10.1514,-1.26414,0.306458,,
5.63373,10.1323,-1.18752,0.306458,,
5.64373,10.1706,-1.20668,0.344765,,
5.65374,10.1706,-1.24498,0.344765,,
5.66375,10.1897,-1.22583,0.325611,,
5.67375,10.2089,-1.26414,0.306458,,
5.68376,10.1897,-1.26414,0.306458,,
5.69377,10.1897,-1.30245,0.325611,,
5.70377,10.1706,-1.28329,0.306458,,
5.71378,10.1706,-1.26414,0.306458,,
5.72379,10.1514,-1.28329,0.268151,,
5.73379,10.1706,-1.3216,0.268151,,
5.7438,10.1514,-1.34075,0.287304,,
5.7538,10.1323,-1.30245,0.248997,,
5.76381,10.1131,-1.35991,0.229843,,
5.77382,10.1131,-1.35991,0.21069,,
5.78382,10.0365,-1.37906,0.21069,,
5.79383,10.0365,-1.39821,0.134075,,
5.80384,10.0173,-1.41737,0.0957681,,
5.81384,9.99819,-1.41737,0.0957681,,
5.82385,9.99819,-1.37906,0.0191536,,
5.83386,9.97903,-1.37906,0.0383072,,
5.84386,9.97903,-1.37906,0,,
5.85387,9.97903,-1.39821,-0.0383072,,
5.86388,9.95988,-1.37906,-0.0766145,,
5.87388,9.95988,-1.37906,-0.0766145,,
5.88389,9.97903,-1.41737,-0.114922,,
5.8939,9.92157,-1.43652,-0.172383,,
5.9039,9.95988,-1.47483,-0.191536,,
5.91391,9.97903,-1.49398,-0.229843,,
5.92392,9.99819,-1.47483,-0.248997,,
5.93392,10.0173,-1.43652,-0.287304,,
5.94393,10.0365,-1.45567,-0.268151,,
5.95394,10.0556,-1.47483,-0.306458,,
5.96394,10.0748,-1.51314,-0.325611,,
5.97395,10.0748,-1.47483,-0.325611,,
5.98396,10.0748,-1.47483,-0.383072,,
5.99396,10.1131,-1.49398,-0.402226,,
6.00397,10.1131,-1.49398,-0.402226,,
6.01398,10.1323,-1.47483,-0.402226,,
6.02398,10.1706,-1.47483,-0.42138,,
6.03399,10.1706,-1.45567,-0.459687,,
6.044,10.1706,-1.51314,-0.440533,,
6.054,10.1323,-1.49398,-0.440533,,
6.06401,10.1514,-1.49398,-0.459687,,
6.07402,10.1514,-1.49398,-0.459687,,
6.08402,10.1131,-1.49398,-0.459687,,
6.09403,10.1131,-1.49398,-0.459687,,
6.10404,10.094,-1.55144,-0.440533,,
6.11404,10.094,-1.47483,-0.440533,,
6.12405,10.0748,-1.51314,-0.383072,,
6.13406,10.0365,-1.51314,-0.383072,,
6.14406,10.0365,-1.47483,-0.383072,,
6.15407,10.0173,-1.47483,-0.383072,,
6.16408,10.0173,-1.47483,-0.363919,,
6.17408,10.0173,-1.49398,-0.325611,,
6.18409,9.97903,-1.49398,-0.287304,,
6.1941,9.95988,-1.45567,-0.287304,,
6.2041,9.95988,-1.47483,-0.248997,,
6.21411,9.95988,-1.49398,-0.21069,,
6.22412,9.95988,-1.49398,-0.191536,,
6.23412,9.95988,-1.45567,-0.172383,,
6.24413,9.97903,-1.49398,-0.134075,,
6.25414,9.95988,-1.47483,-0.114922,,
6.26414,9.99819,-1.47483,-0.0766145,,
6.27415,9.99819,-1.45567,-0.0191536,,
6.28416,10.0173,-1.45567,0,,
6.29416,10.0173,-1.45567,0.0191536,,
6.30417,10.0365,-1.47483,0.0383072,,
6.31418,10.094,-1.47483,0.0766145,,
6.32418,10.094,-1.47483,0.0574608,,
6.33419,10.094,-1.47483,0.134075,,
6.3442,10.1131,-1.45567,0.153229,,
6.3542,10.1323,-1.45567,0.172383,,
6.36421,10.1323,-1.43652,0.229843,,
6.37422,10.1514,-1.41737,0.191536,,
6.38422,10.1514,-1.39821,0.21069,,
6.39423,10.1706,-1.35991,0.248997,,
6.40424,10.1706,-1.37906,0.268151,,
6.41424,10.1514,-1.35991,0.268151,,
6.42425,10.1514,-1.39821,0.268151,,
6.43425,10.1514,-1.41737,0.287304,,
6.44426,10.1131,-1.39821,0.325611,,
6.45427,10.094,-1.41737,0.306458,,
6.46427,10.0748,-1.35991,0.287304,,
6.47428,10.0556,-1.34075,0.325611,,
6.48429,10.0556,-1.28329,0.306458,,
6.49429,10.0556,-1.28329,0.268151,,
6.5043,10.0365,-1.30245,0.268151,,
6.51431,10.0173,-1.30245,0.268151,,
6.52431,9.99819,-1.30245,0.248997,,
6.53432,9.99819,-1.34075,0.248997,,
6.54433,9.97903,-1.3216,0.248997,,
6.55433,9.99819,-1.30245,0.21069,,
6.56434,9.99819,-1.28329,0.191536,,
6.57435,9.97903,-1.20668,0.153229,,
6.58435,9.97903,-1.22583,0.114922,,
6.59436,9.99819,-1.20668,0.134075,,
6.60437,10.0173,-1.22583,0.0574608,,
6.61437,10.0173,-1.22583,0.0957681,,
6.62438,10.0365,-1.22583,0,,
6.63439,10.0365,-1.22583,0,,
6.64439,10.0748,-1.22583,-0.0383072,,
6.6544,10.0556,-1.20668,-0.0574608,,
6.66441,10.0748,-1.20668,-0.0957681,,
6.67441,10.1323,-1.13006,-0.114922,,
6.68442,10.1323,-1.13006,-0.172383,,
6.69443,10.1323,-1.09176,-0.153229,,
6.70443,10.1706,-1.14922,-0.191536,,
6.71444,10.1706,-1.13006,-0.21069,,
6.72445,10.1897,-1.13006,-0.248997,,
6.73445,10.1897,-1.13006,-0.268151,,
6.74446,10.1514,-1.13006,-0.306458,,
6.75447,10.1514,-1.11091,-0.306458,,
6.76447,10.1706,-1.13006,-0.344765,,
6.77448,10.1514,-1.05345,-0.363919,,
6.78449,10.1706,-1.05345,-0.344765,,
6.79449,10.1706,-1.0343,-0.383072,,
6.8045,10.1706,-1.01514,-0.42138,,
6.81451,10.1514,-1.01514,-0.440533,,
6.82451,10.1323,-1.05345,-0.440533,,
6.83452,10.0748,-1.05345,-0.42138,,
6.84453,10.0556,-1.0343,-0.42138,,
6.85453,10.0748,-1.0343,-0.42138,,
6.86454,10.0365,-1.01514,-0.42138,,
6.87455,10.0365,-0.976834,-0.42138,,
6.88455,10.0365,-0.938527,-0.440533,,
6.89456,10.0556,-0.919373,-0.440533,,
6.90457,10.0556,-0.919373,-0.402226,,
6.91457,10.0173,-0.938527,-0.383072,,
6.92458,10.0173,-0.976834,-0.402226,,
6.93459,10.0173,-1.01514,-0.363919,,
6.94459,10.0173,-0.957681,-0.344765,,
6.9546,10.0365,-0.957681,-0.344765,,
6.96461,10.0365,-0.919373,-0.344765,,
6.97461,10.0748,-0.861913,-0.325611,,
6.98462,10.094,-0.861913,-0.306458,,
6.99463,10.094,-0.842759,-0.268151,,
7.00463,10.1131,-0.842759,-0.229843,,
7.01464,10.1323,-0.861913,-0.229843,,
7.02465,10.1131,-0.90022,-0.21069,,
7.03465,10.1131,-0.919373,-0.153229,,
7.04466,10.1131,-0.881066,-0.153229,,
7.05467,10.1131,-0.842759,-0.153229,,
7.06467,10.1706,-0.842759,-0.0766145,,
7.07468,10.1897,-0.766145,-0.0383072,,
7.08469,10.228,-0.785298,-0.0383072,,
7.09469,10.1897,-0.785298,0,,
7.1047,10.1897,-0.804452,0.0191536,,
7.1147,10.1706,-0.823605,0.0383072,,
7.12471,10.1706,-0.861913,0.0383072,,
7.13472,10.1514,-0.90022,0.114922,,
7.14472,10.1323,-0.804452,0.134075,,
7.15473,10.1514,-0.785298,0.153229,,
7.16474,10.1514,-0.746991,0.153229,,
7.17474,10.1323,-0.708684,0.153229,,
7.18475,10.1323,-0.708684,0.153229,,
7.19476,10.1131,-0.785298,0.172383,,
7.20476,10.094,-0.766145,0.21069,,
7.21477,10.0748,-0.766145,0.21069,,
7.22478,10.0556,-0.804452,0.21069,,
7.23478,10.0556,-0.766145,0.229843,,
7.24479,10.0365,-0.766145,0.268151,,
7.2548,10.0173,-0.727837,0.229843,,
7.2648,10.0556,-0.727837,0.21069,,
7.27481,10.0173,-0.727837,0.21069,,
7.28482,10.0365,-0.708684,0.21069,,
7.29482,10.0365,-0.746991,0.229843,,
7.30483,10.0173,-0.766145,0.21069,,
7.31484,10.0173,-0.746991,0.21069,,
7.32484,10.0365,-0.746991,0.153229,,
7.33485,10.0556,-0.708684,0.153229,,
7.34486,10.0556,-0.746991,0.153229,,
7.35486,10.094,-0.746991,0.114922,,
7.36487,10.0748,-0.708684,0.114922,,
7.37488,10.094,-0.746991,0.0957681,,
7.38488,10.1131,-0.727837,0.0766145,,
7.39489,10.1323,-0.727837,0.0574608,,
7.4049,10.1514,-0.708684,0.0191536,,
7.4149,10.1514,-0.708684,-0.0191536,,
7.42491,10.1706,-0.746991,-0.0574608,,
7.43492,10.1706,-0.746991,-0.0574608,,
7.44492,10.1514,-0.746991,-0.0957681,,
7.45493,10.1897,-0.746991,-0.114922,,
7.46494,10.1323,-0.746991,-0.134075,,
7.47494,10.1706,-0.746991,-0.191536,,
7.48495,10.1706,-0.727837,-0.191536,,
7.49496,10.1706,-0.727837,-0.229843,,
7.50496,10.1323,-0.785298,-0.248997,,
7.51497,10.1706,-0.766145,-0.268151,,
7.52498,10.1323,-0.746991,-0.287304,,
7.53498,10.1323,-0.766145,-0.287304,,
7.54499,10.1131,-0.766145,-0.306458,,
7.555,10.1131,-0.766145,-0.344765,,
7.565,10.094,-0.766145,-0.363919,,
7.57501,10.094,-0.785298,-0.363919,,
7.58502,10.0556,-0.766145,-0.402226,,
7.59502,10.0365,-0.785298,-0.440533,,
7.60503,10.0556,-0.804452,-0.42138,,
7.61504,10.0365,-0.785298,-0.42138,,
7.62504,10.0365,-0.746991,-0.42138,,
7.63505,10.0365,-0.804452,-0.42138,,
7.64506,10.0556,-0.804452,-0.440533,,
7.65506,10.0365,-0.823605,-0.42138,,
7.66507,10.0748,-0.861913,-0.459687,,
7.67508,10.0556,-0.861913,-0.459687,,
7.68508,10.0556,-0.881066,-0.459687,,
7.69509,10.0556,-0.861913,-0.42138,,
7.7051,10.0556,-0.823605,-0.402226,,
7.7151,10.094,-0.842759,-0.383072,,
7.72511,10.1323,-0.842759,-0.383072,,
7.73512,10.1131,-0.861913,-0.402226,,
7.74512,10.1514,-0.861913,-0.363919,,
7.75513,10.1706,-0.90022,-0.383072,,
7.76514,10.1323,-0.90022,-0.383072,,
7.77514,10.1323,-0.919373,-0.287304,,
7.78515,10.1706,-0.919373,-0.287304,,
7.79515,10.1514,-0.90022,-0.268151,,
7.80516,10.1706,-0.919373,-0.229843,,
7.81517,10.1514,-0.881066,-0.21069,,
7.82517,10.1514,-0.919373,-0.191536,,
7.83518,10.1514,-0.995988,-0.114922,,
7.84519,10.1131,-0.995988,-0.114922,,
7.85519,10.1131,-1.01514,-0.0766145,,
7.8652,10.094,-0.995988,-0.0574608,,
7.87521,10.1131,-0.995988,-0.0574608,,
7.88521,10.0748,-0.995988,-0.0383072,,
7.89522,10.094,-0.919373,0,,
7.90523,10.094,-0.957681,0.0383072,,
7.91523,10.0748,-0.957681,0.0191536,,
7.92524,10.0748,-1.0343,0.0766145,,
7.93525,10.0556,-1.09176,0.0957681,,
7.94525,10.0748,-1.05345,0.114922,,
7.95526,10.0365,-1.11091,0.134075,,
7.96527,10.0173,-1.0726,0.172383,,
7.97527,10.0173,-1.0343,0.153229,,
7.98528,10.0365,-1.0343,0.153229,,
7.99529,10.0365,-1.01514,0.172383,,
8.00529,10.0748,-1.05345,0.172383,,
8.0153,10.0748,-1.0343,0.21069,,
8.02531,10.0556,-1.0726,0.172383,,
8.03531,10.0556,-1.14922,0.172383,,
8.04532,10.0556,-1.13006,0.172383,,
8.05533,10.0748,-1.18752,0.191536,,
8.06533,10.0748,-1.16837,0.191536,,
8.07534,10.094,-1.13006,0.191536,,
8.08535,10.094,-1.11091,0.172383,,
8.09535,10.1131,-1.11091,0.172383,,
8.10536,10.1131,-1.13006,0.134075,,
8.11537,10.1323,-1.13006,0.134075,,
8.12537,10.1323,-1.20668,0.134075,,
8.13538,10.1131,-1.22583,0.134075,,
8.14539,10.1323,-1.26414,0.0957681,,
8.15539,10.1131,-1.26414,0.0574608,,
8.1654,10.1131,-1.24498,0.0574608,,
8.17541,10.1131,-1.20668,0.0383072,,
8.18541,10.1514,-1.16837,0.0191536,,
8.19542,10.1323,-1.18752,-0.0191536,,
8.20543,10.1131,-1.20668,-0.0383072,,
8.21543,10.1131,-1.26414,-0.0766145,,
8.22544,10.094,-1.28329,-0.134075,,
8.23545,10.0748,-1.34075,-0.134075,,
8.24545,10.0556,-1.34075,-0.114922,,
8.25546,10.0365,-1.3216,-0.172383,,
8.26547,10.0556,-1.28329,-0.191536,,
8.27547,10.0556,-1.28329,-0.21069,,
8.28548,10.0748,-1.22583,-0.229843,,
8.29549,10.0748,-1.24498,-0.229843,,
8.30549,10.0556,-1.26414,-0.306458,,
8.3155,10.0556,-1.34075,-0.287304,,
8.32551,10.0365,-1.37906,-0.325611,,
8.33551,10.0173,-1.37906,-0.325611,,
8.34552,10.0173,-1.37906,-0.344765,,
8.35553,10.0173,-1.34075,-0.325611,,
8.36553,10.0365,-1.34075,-0.363919,,
8.37554,10.0556,-1.30245,-0.363919,,
8.38555,10.0556,-1.30245,-0.383072,,
8.39555,10.0748,-1.34075,-0.383072,,
8.40556,10.0748,-1.39821,-0.402226,,
8.41557,10.0748,-1.37906,-0.402226,,
8.42557,10.0365,-1.41737,-0.42138,,
8.43558,10.0556,-1.39821,-0.440533,,
8.44559,10.0748,-1.41737,-0.42138,,
8.45559,10.094,-1.34075,-0.42138,,
8.4656,10.0556,-1.3216,-0.440533,,
8.4756,10.094,-1.35991,-0.402226,,
8.48561,10.094,-1.37906,-0.402226,,
8.49562,10.1131,-1.41737,-0.383072,,
8.50562,10.1131,-1.43652,-0.363919,,
8.51563,10.094,-1.41737,-0.363919,,
8.52564,10.094,-1.43652,-0.344765,,
8.53564,10.0556,-1.39821,-0.325611,,
8.54565,10.094,-1.39821,-0.325611,,
8.55566,10.0748,-1.37906,-0.306458,,
8.56566,10.0748,-1.41737,-0.325611,,
8.57567,10.094,-1.43652,-0.287304,,
8.58568,10.094,-1.37906,-0.248997,,
8.59568,10.0748,-1.41737,-0.172383,,
8.60569,10.0556,-1.41737,-0.172383,,
8.6157,10.0556,-1.43652,-0.153229,,
8.6257,10.0556,-1.43652,-0.191536,,
8.63571,10.0365,-1.41737,-0.134075,,
8.64572,10.0365,-1.43652,-0.114922,,
8.65572,10.0365,-1.41737,-0.0574608,,
8.66573,10.0556,-1.39821,-0.0191536,,
8.67574,10.0365,-1.37906,-0.0766145,,
8.68574,10.0556,-1.37906,0,,
8.69575,10.0365,-1.39821,0.0191536,,
8.70576,10.0173,-1.41737,0,,
8.71576,10.0365,-1.41737,0.0574608,,
8.72577,10.0556,-1.35991,0.0574608,,
8.73578,10.0556,-1.35991,0.0766145,,
8.74578,10.0556,-1.37906,0.0957681,,
8.75579,10.0556,-1.37906,0.0957681,,
8.7658,10.0556,-1.37906,0.134075,,
8.7758,10.0748,-1.41737,0.134075,,
8.78581,10.0556,-1.37906,0.172383,,
8.79582,10.0556,-1.39821,0.153229,,
8.80582,10.0748,-1.34075,0.191536,,
8.81583,10.0748,-1.34075,0.153229,,
8.82584,10.094,-1.37906,0.172383,,
8.83584,10.1131,-1.35991,0.153229,,
8.84585,10.1131,-1.37906,0.172383,,
8.85586,10.0748,-1.35991,0.172383,,
8.86586,10.094,-1.35991,0.172383,,
8.87587,10.094,-1.37906,0.172383,,
8.88588,10.094,-1.3216,0.153229,,
8.89588,10.0748,-1.28329,0.153229,,
8.90589,10.0748,-1.30245,0.114922,,
8.9159,10.0748,-1.26414,0.134075,,
8.9259,10.0748,-1.26414,0.114922,,
8.93591,10.0748,-1.30245,0.0957681,,
8.94592,10.0556,-1.30245,0.114922,,
8.95592,10.0748,-1.3216,0.0957681,,
8.96593,10.0556,-1.34075,0.0574608,,
8.97594,10.0556,-1.26414,0.0191536,,
8.98594,10.0748,-1.24498,0,,
8.99595,10.0556,-1.24498,-0.0191536,,
9.00596,10.0556,-1.22583,0,,
9.01596,10.0556,-1.22583,-0.0574608,,
9.02597,10.0748,-1.24498,-0.0383072,,
9.03598,10.0556,-1.28329,-0.0766145,,
9.04598,10.0556,-1.28329,-0.0957681,,
9.05599,10.0365,-1.28329,-0.153229,,
9.066,10.0556,-1.26414,-0.153229,,
9.076,10.094,-1.20668,-0.172383,,
9.08601,10.0556,-1.18752,-0.172383,,
9.09602,10.0556,-1.14922,-0.21069,,
9.10602,10.0748,-1.14922,-0.21069,,
9.11603,10.0748,-1.16837,-0.229843,,
9.12604,10.1131,-1.18752,-0.268151,,
9.13604,10.094,-1.18752,-0.268151,,
9.14605,10.1131,-1.22583,-0.287304,,
9.15605,10.094,-1.18752,-0.287304,,
9.16606,10.1131,-1.18752,-0.306458,,
9.17607,10.1131,-1.13006,-0.306458,,
9.18607,10.1131,-1.13006,-0.325611,,
9.19608,10.1131,-1.09176,-0.325611,,
9.20609,10.1131,-1.05345,-0.363919,,
9.21609,10.1131,-1.0726,-0.325611,,
9.2261,10.1131,-1.13006,-0.344765,,
9.23611,10.1131,-1.13006,-0.344765,,
9.24611,10.1131,-1.16837,-0.363919,,
9.25612,10.1131,-1.18752,-0.363919,,
9.26613,10.1131,-1.14922,-0.325611,,
9.27613,10.0748,-1.09176,-0.325611,,
9.28614,10.0748,-1.05345,-0.325611,,
9.29615,10.094,-0.995988,-0.325611,,
9.30615,10.0748,-0.976834,-0.306458,,
9.31616,10.094,-1.01514,-0.287304,,
9.32617,10.094,-1.05345,-0.287304,,
9.33617,10.094,-1.0726,-0.268151,,
9.34618,10.0556,-1.11091,-0.268151,,
9.35619,10.0748,-1.09176,-0.229843,,
9.36619,10.0556,-1.0726,-0.248997,,
9.3762,10.0748,-0.957681,-0.229843,,
9.38621,10.0556,-0.919373,-0.191536,,
9.39621,10.0556,-0.90022,-0.21069,,
9.40622,10.094,-0.919373,-0.153229,,
9.41623,10.1131,-0.957681,-0.153229,,
9.42623,10.094,-0.976834,-0.0957681,,
9.43624,10.094,-1.05345,-0.0957681,,
9.44625,10.0748,-1.0726,-0.0574608,,
9.45625,10.0748,-1.0343,-0.0383072,,
9.46626,10.094,-0.957681,0.0191536,,
9.47627,10.1131,-0.881066,-0.0191536,,
9.48627,10.1131,-0.881066,0,,
9.49628,10.1131,-0.842759,0.0766145,,
9.50629,10.1514,-0.90022,0.0957681,,
9.51629,10.1323,-0.919373,0.0766145,,
9.5263,10.1131,-0.938527,0.114922,,
9.53631,10.1323,-1.01514,0.114922,,
9.54631,10.1131,-0.995988,0.114922,,
9.55632,10.094,-0.938527,0.114922,,
9.56633,10.1131,-0.881066,0.172383,,
9.57633,10.1323,-0.842759,0.172383,,
9.58634,10.1323,-0.823605,0.172383,,
9.59635,10.1323,-0.823605,0.191536,,
9.60635,10.1514,-0.881066,0.172383,,
9.61636,10.094,-0.90022,0.172383,,
9.62637,10.094,-0.938527,0.153229,,
9.63637,10.1131,-0.919373,0.172383,,
9.64638,10.0748,-0.90022,0.153229,,
9.65639,10.0748,-0.938527,0.172383,,
9.66639,10.094,-0.823605,0.153229,,
9.6764,10.0748,-0.823605,0.172383,,
9.68641,10.0748,-0.785298,0.191536,,
9.69641,10.0748,-0.842759,0.172383,,
9.70642,10.094,-0.861913,0.153229,,
9.71643,10.0748,-0.842759,0.172383,,
9.72643,10.0556,-0.919373,0.0766145,,
9.73644,10.0556,-0.90022,0.0957681,,
9.74645,10.0748,-0.881066,0.0574608,,
9.75645,10.0556,-0.861913,0.0957681,,
9.76646,10.0748,-0.785298,0.0766145,,
9.77647,10.0748,-0.804452,0.0191536,,
9.78647,10.0748,-0.785298,0.0383072,,
9.79648,10.1131,-0.842759,-0.0191536,,
9.80649,10.094,-0.823605,-0.0574608,,
9.81649,10.094,-0.881066,-0.0191536,,
9.8265,10.094,-0.861913,-0.0766145,,
9.8365,10.094,-0.842759,-0.0957681,,
9.84651,10.094,-0.842759,-0.114922,,
9.85652,10.1131,-0.804452,-0.114922,,
9.86652,10.1131,-0.785298,-0.172383,,
9.87653,10.1514,-0.823605,-0.172383,,
9.88654,10.1323,-0.861913,-0.21069,,
9.89654,10.1323,-0.842759,-0.21069,,
9.90655,10.1323,-0.823605,-0.21069,,
9.91656,10.1131,-0.842759,-0.229843,,
9.92656,10.1514,-0.823605,-0.248997,,
9.93657,10.1323,-0.842759,-0.287304,,
9.94658,10.1131,-0.842759,-0.287304,,
9.95658,10.1131,-0.881066,-0.287304,,
9.96659,10.1131,-0.881066,-0.306458,,
9.9766,10.094,-0.823605,-0.306458,,
9.9866,10.1131,-0.804452,-0.306458,,
9.99661,10.094,-0.804452,-0.287304,,
10.0066,10.094,-0.823605,-0.287304,,
10.0166,10.0748,-0.881066,-0.306458,,
10.0266,10.094,-0.881066,-0.325611,,
10.0366,10.0748,-0.90022,-0.287304,,
10.0466,10.0748,-0.881066,-0.325611,,
10.0567,10.0748,-0.842759,-0.287304,,
10.0667,10.0748,-0.842759,-0.287304,,
10.0767,10.0748,-0.804452,-0.306458,,
10.0867,10.0748,-0.861913,-0.268151,,
10.0967,10.0748,-0.90022,-0.306458,,
10.1067,10.0748,-0.881066,-0.287304,,
10.1167,10.094,-0.90022,-0.248997,,
10.1267,10.0748,-0.861913,-0.229843,,
10.1367,10.094,-0.881066,-0.248997,,
10.1467,10.0748,-0.861913,-0.229843,,
10.1567,10.094,-0.881066,-0.191536,,
10.1667,10.094,-0.919373,-0.21069,,
10.1767,10.094,-0.919373,-0.191536,,
10.1867,10.1131,-0.919373,-0.134075,,
10.1967,10.094,-0.919373,-0.134075,,
10.2067,10.094,-0.919373,-0.114922,,
10.2168,10.094,-0.938527,-0.114922,,
10.2268,10.1323,-0.919373,-0.0574608,,
10.2368,10.1131,-0.90022,-0.0766145,,
10.2468,10.1323,-0.919373,-0.0766145,,
10.2568,10.1323,-0.938527,0,,
10.2668,10.1323,-0.938527,-0.0191536,,
10.2768,10.1131,-1.01514,0,,
10.2868,10.1323,-0.957681,0.0191536,,
10.2968,10.1131,-0.995988,0.0191536,,
10.3068,10.0748,-0.976834,0.0383072,,
10.3168,10.094,-0.938527,0.0766145,,
10.3268,10.094,-0.938527,0.0766145,,
10.3368,10.1131,-0.919373,0.114922,,
10.3468,10.1131,-1.01514,0.114922,,
10.3568,10.1131,-1.01514,0.114922,,
10.3669,10.094,-1.01514,0.114922,,
10.3769,10.0748,-1.05345,0.0957681,,
10.3869,10.0748,-1.05345,0.114922,,
10.3969,10.0556,-1.05345,0.134075,,
10.4069,10.0556,-1.0343,0.153229,,
10.4169,10.0556,-0.995988,0.153229,,
10.4269,10.0748,-1.01514,0.134075,,
10.4369,10.0748,-0.976834,0.134075,,
10.4469,10.0748,-1.0343,0.134075,,
10.4569,10.0748,-1.0726,0.134075,,
10.4669,10.0748,-1.09176,0.134075,,
10.4769,10.0748,-1.13006,0.134075,,
10.4869,10.0365,-1.14922,0.114922,,
10.4969,10.0365,-1.13006,0.114922,,
10.5069,10.0556,-1.11091,0.0766145,,
10.517,10.0556,-1.0726,0.114922,,
10.527,10.0748,-1.0726,0.0574608,,
10.537,10.1131,-1.0726,0.0766145,,
10.547,10.1131,-1.09176,0.0191536,,
10.557,10.094,-1.09176,0.0383072,,
10.567,10.1131,-1.13006,0.0383072,,
10.577,10.094,-1.20668,0.0191536,,
10.587,10.0748,-1.14922,-0.0191536,,
10.597,10.1131,-1.14922,-0.0383072,,
10.607,10.0748,-1.13006,-0.0766145,,
10.617,10.1131,-1.09176,-0.114922,,
10.627,10.094,-1.09176,-0.114922,,
10.637,10.1131,-1.11091,-0.114922,,
10.647,10.094,-1.18752,-0.134075,,
10.657,10.094,-1.18752,-0.172383,,
10.6671,10.1131,-1.20668,-0.134075,,
10.6771,10.094,-1.24498,-0.191536,,
10.6871,10.0556,-1.20668,-0.191536,,
10.6971,10.0748,-1.22583,-0.248997,,
10.7071,10.1131,-1.14922,-0.248997,,
10.7171,10.0748,-1.13006,-0.229843,,
10.7271,10.0748,-1.16837,-0.229843,,
10.7371,10.0748,-1.16837,-0.268151,,
10.7471,10.0748,-1.24498,-0.268151,,
10.7571,10.094,-1.26414,-0.268151,,
10.7671,10.0556,-1.28329,-0.268151,,
10.7771,10.0365,-1.24498,-0.287304,,
10.7871,10.0173,-1.26414,-0.306458,,
10.7971,10.0556,-1.24498,-0.306458,,
10.8071,10.0365,-1.24498,-0.268151,,
10.8172,10.0748,-1.18752,-0.306458,,
10.8272,10.0748,-1.18752,-0.306458,,
10.8372,10.094,-1.24498,-0.306458,,
10.8472,10.0556,-1.28329,-0.325611,,
10.8572,10.0748,-1.28329,-0.325611,,
10.8672,10.094,-1.3216,-0.287304,,
10.8772,10.0556,-1.30245,-0.306458,,
10.8872,10.0556,-1.24498,-0.287304,,
10.8972,10.0556,-1.26414,-0.287304,,
10.9072,10.094,-1.24498,-0.306458,,
10.9172,10.1131,-1.26414,-0.306458,,
10.9272,10.094,-1.24498,-0.268151,,
10.9372,10.094,-1.3216,-0.287304,,
10.9472,10.094,-1.30245,-0.248997,,
10.9572,10.094,-1.30245,-0.21069,,
10.9673,10.094,-1.34075,-0.21069,,
10.9773,10.0748,-1.3216,-0.191536,,
10.9873,10.094,-1.28329,-0.191536,,
10.9973,10.094,-1.24498,-0.191536,,
11.0073,10.094,-1.28329,-0.153229,,
11.0173,10.094,-1.26414,-0.114922,,
11.0273,10.094,-1.28329,-0.134075,,
11.0373,10.0748,-1.30245,-0.134075,,
11.0473,10.0556,-1.3216,-0.0957681,,
11.0573,10.0748,-1.30245,-0.0766145,,
11.0673,10.0748,-1.30245,-0.0574608,,
11.0773,10.0748,-1.30245,-0.0191536,,
11.0873,10.0748,-1.26414,-0.0574608,,
11.0973,10.094,-1.28329,-0.0383072,,
11.1073,10.0748,-1.3216,0.0191536,,
11.1174,10.0365,-1.30245,0.0191536,,
11.1274,10.0365,-1.28329,0.0191536,,
11.1374,10.0556,-1.28329,0.0574608,,
11.1474,10.0556,-1.30245,0.0191536,,
11.1574,10.0365,-1.30245,0.0574608,,
11.1674,10.0556,-1.30245,0.0766145,,
11.1774,10.0556,-1.3216,0.0574608,,
11.1874,10.0748,-1.3216,0.0957681,,
11.1974,10.0365,-1.28329,0.0957681,,
11.2074,10.0365,-1.24498,0.0766145,,
11.2174,10.0748,-1.24498,0.114922,,
11.2274,10.0748,-1.28329,0.114922,,
11.2374,10.0748,-1.30245,0.114922,,
11.2474,10.094,-1.28329,0.0957681,,
11.2574,10.0748,-1.26414,0.0766145,,
11.2675,10.0556,-1.30245,0.0766145,,
11.2775,10.094,-1.30245,0.0766145,,
11.2875,10.0556,-1.28329,0.0574608,,
11.2975,10.0748,-1.30245,0.0957681,,
11.3075,10.094,-1.28329,0.0574608,,
11.3175,10.094,-1.28329,0.0383072,,
11.3275,10.0748,-1.26414,0.0766145,,
11.3375,10.094,-1.24498,0,,
11.3475,10.094,-1.26414,0,,
11.3575,10.094,-1.28329,-0.0191536,,
11.3675,10.094,-1.24498,-0.0191536,,
11.3775,10.094,-1.24498,-0.0574608,,
11.3875,10.094,-1.24498,-0.0766145,,
11.3975,10.0748,-1.26414,-0.0766145,,
11.4075,10.0748,-1.26414,-0.0766145,,
11.4176,10.0748,-1.26414,-0.0957681,,
11.4276,10.0748,-1.22583,-0.134075,,
11.4376,10.0748,-1.22583,-0.134075,,
11.4476,10.0748,-1.20668,-0.172383,,
11.4576,10.0556,-1.18752,-0.153229,,
11.4676,10.0556,-1.20668,-0.172383,,
11.4776,10.0748,-1.16837,-0.191536,,
11.4876,10.0748,-1.22583,-0.191536,,
11.4976,10.0556,-1.22583,-0.248997,,
11.5076,10.0748,-1.22583,-0.268151,,
11.5176,10.0556,-1.22583,-0.248997,,
11.5276,10.0556,-1.20668,-0.306458,,
11.5376,10.0556,-1.20668,-0.287304,,
11.5476,10.0556,-1.18752,-0.268151,,
11.5576,10.0748,-1.13006,-0.287304,,
11.5676,10.094,-1.13006,-0.306458,,
11.5777,10.0748,-1.14922,-0.325611,,
11.5877,10.0748,-1.18752,-0.306458,,
11.5977,10.094,-1.20668,-0.325611,,
11.6077,10.0748,-1.18752,-0.344765,,
11.6177,10.0748,-1.22583,-0.344765,,
11.6277,10.094,-1.14922,-0.306458,,
11.6377,10.094,-1.13006,-0.306458,,
11.6477,10.1131,-1.11091,-0.287304,,
11.6577,10.1131,-1.0726,-0.306458,,
11.6677,10.1323,-1.09176,-0.306458,,
11.6777,10.1131,-1.13006,-0.306458,,
11.6877,10.1323,-1.11091,-0.325611,,
11.6977,10.1131,-1.14922,-0.287304,,
11.7077,10.1131,-1.20668,-0.287304,,
11.7177,10.094,-1.13006,-0.287304,,
11.7278,10.0748,-1.11091,-0.268151,,
11.7378,10.0748,-1.0726,-0.248997,,
11.7478,10.094,-1.0726,-0.248997,,
11.7578,10.1131,-1.0343,-0.229843,,
11.7678,10.094,-1.0726,-0.229843,,
11.7778,10.094,-1.05345,-0.21069,,
11.7878,10.0748,-1.09176,-0.191536,,
11.7978,10.094,-1.09176,-0.153229,,
11.8078,10.094,-1.11091,-0.153229,,
11.8178,10.0748,-1.09176,-0.134075,,
11.8278,10.0556,-1.05345,-0.134075,,
11.8378,10.094,-1.05345,-0.134075,,
11.8478,10.0748,-1.01514,-0.0957681,,
11.8578,10.094,-0.995988,-0.0766145,,
11.8678,10.094,-1.01514,-0.0957681,,
11.8779,10.094,-1.0343,-0.0383072,,
11.8879,10.094,-1.05345,-0.0574608,,
11.8979,10.094,-1.0726,-0.0191536,,
11.9079,10.094,-1.05345,-0.0383072,,
11.9179,10.094,-1.01514,0,,
11.9279,10.0748,-1.01514,0,,
11.9379,10.0748,-0.976834,-0.0191536,,
11.9479,10.0748,-0.976834,0,,
11.9579,10.1323,-0.957681,0.0383072,,
11.9679,10.1131,-0.995988,0.0383072,,
11.9779,10.094,-0.957681,0.0574608,,
11.9879,10.094,-1.01514,0.0574608,,
11.9979,10.094,-1.01514,0.0191536,,
12.0079,10.1131,-0.995988,0.0383072,,
12.0179,10.0748,-0.976834,0.0383072,,
12.028,10.094,-0.938527,0.0383072,,
12.038,10.094,-0.957681,0.0574608,,
12.048,10.1131,-0.957681,0.0383072,,
12.058,10.094,-0.938527,0.0574608,,
12.068,10.1323,-0.957681,0.0574608,,
12.078,10.1131,-0.957681,0.0574608,,
12.088,10.094,-0.976834,0.0383072,,
12.098,10.1131,-0.976834,0.0574608,,
12.108,10.094,-0.976834,0.0766145,,
12.118,10.094,-0.957681,0.0191536,,
12.128,10.0748,-0.919373,0.0191536,,
12.138,10.094,-0.938527,-0.0191536,,
12.148,10.094,-0.919373,-0.0383072,,
12.158,10.094,-0.90022,-0.0574608,,
12.168,10.094,-0.938527,-0.0766145,,
12.1781,10.0748,-0.938527,-0.0574608,,
12.1881,10.094,-0.957681,-0.0574608,,
12.1981,10.0748,-0.957681,-0.0957681,,
12.2081,10.094,-0.976834,-0.0766145,,
12.2181,10.094,-0.938527,-0.114922,,
12.2281,10.1323,-0.90022,-0.134075,,
12.2381,10.0556,-0.919373,-0.153229,,
12.2481,10.094,-0.919373,-0.134075,,
12.2581,10.094,-0.919373,-0.153229,,
12.2681,10.094,-0.919373,-0.153229,,
12.2781,10.094,-0.938527,-0.172383,,
12.2881,10.1131,-0.919373,-0.21069,,
12.2981,10.1131,-0.919373,-0.191536,,
12.3081,10.094,-0.957681,-0.21069,,
12.3181,10.094,-0.919373,-0.21069,,
12.3282,10.094,-0.919373,-0.248997,,
12.3382,10.1514,-0.90022,-0.248997,,
12.3482,10.1323,-0.938527,-0.248997,,
12.3582,10.1131,-0.957681,-0.268151,,
12.3682,10.1131,-0.938527,-0.268151,,
12.3782,10.094,-0.919373,-0.268151,,
12.3882,10.1131,-0.919373,-0.268151,,
12.3982,10.1323,-0.919373,-0.287304,,
12.4082,10.1131,-0.919373,-0.287304,,
12.4182,10.1323,-0.919373,-0.287304,,
12.4282,10.094,-0.957681,-0.268151,,
12.4382,10.1131,-0.938527,-0.268151,,
12.4482,10.094,-0.938527,-0.268151,,
12.4582,10.0748,-0.919373,-0.268151,,
12.4682,10.094,-0.90022,-0.268151,,
12.4783,10.094,-0.90022,-0.248997,,
12.4883,10.094,-0.957681,-0.248997,,
12.4983,10.094,-0.976834,-0.268151,,
12.5083,10.094,-0.957681,-0.229843,,
12.5183,10.094,-0.976834,-0.248997,,
12.5283,10.0748,-0.919373,-0.229843,,
12.5383,10.094,-0.919373,-0.21069,,
12.5483,10.094,-0.957681,-0.21069,,
12.5583,10.0748,-0.938527,-0.191536,,
12.5683,10.0748,-0.976834,-0.191536,,
12.5783,10.0748,-0.976834,-0.172383,,
12.5883,10.094,-0.938527,-0.153229,,
12.5983,10.0748,-0.995988,-0.134075,,
12.6083,10.0748,-0.938527,-0.114922,,
12.6183,10.1131,-0.957681,-0.114922,,
12.6284,10.094,-0.957681,-0.114922,,
12.6384,10.0748,-0.957681,-0.0574608,,
12.6484,10.0748,-0.976834,-0.0957681,,
12.6584,10.0748,-0.995988,-0.0574608,,
12.6684,10.1323,-0.938527,-0.0766145,,
12.6784,10.094,-0.957681,-0.0383072,,
12.6884,10.094,-0.976834,-0.0191536,,
12.6984,10.1131,-0.976834,-0.0191536,,
12.7084,10.1131,-0.995988,0,,
12.7184,10.094,-0.976834,0,,
12.7284,10.094,-0.995988,-0.0191536,,
12.7384,10.094,-0.976834,0.0383072,,
12.7484,10.094,-1.01514,0,,
12.7584,10.0748,-1.01514,0.0383072,,
12.7684,10.1131,-0.995988,0.0766145,,
12.7785,10.094,-0.995988,0.0574608,,
12.7885,10.094,-1.0343,0.0574608,,
12.7985,10.0748,-1.01514,0.0383072,,
12.8085,10.094,-1.0343,0.0957681,,
12.8185,10.094,-1.01514,0.0766145,,
12.8285,10.094,-1.05345,0.0957681,,
12.8385,10.0748,-1.0343,0.0574608,,
12.8485,10.0748,-1.0343,0.0383072,,
12.8585,10.0748,-1.0726,0.0574608,,
12.8685,10.0748,-1.01514,0.0383072,,
12.8785,10.094,-1.01514,0.0574608,,
12.8885,10.1131,-1.0343,0.0574608,,
12.8985,10.094,-1.05345,0.0574608,,
12.9085,10.0556,-1.0726,0.0191536,,
12.9185,10.094,-1.0726,0.0191536,,
12.9285,10.0748,-1.09176,0,,
12.9386,10.0748,-1.05345,0.0191536,,
12.9486,10.0748,-1.09176,0,,
12.9586,10.094,-1.0726,-0.0191536,,
12.9686,10.094,-1.05345,-0.0191536,,
12.9786,10.0748,-1.0726,0,,
12.9886,10.0748,-1.09176,-0.0383072,,
12.9986,10.094,-1.13006,-0.0574608,,
13.0086,10.1131,-1.11091,-0.0766145,,
13.0186,10.0748,-1.14922,-0.0574608,,
13.0286,10.094,-1.13006,-0.0766145,,
13.0386,10.0748,-1.09176,-0.0766145,,
13.0486,10.094,-1.11091,-0.114922,,
13.0586,10.0748,-1.11091,-0.134075,,
13.0686,10.094,-1.11091,-0.134075,,
13.0786,10.1131,-1.13006,-0.153229,,
13.0887,10.1131,-1.11091,-0.134075,,
13.0987,10.1131,-1.14922,-0.153229,,
13.1087,10.094,-1.13006,-0.153229,,
13.1187,10.1131,-1.13006,-0.172383,,
13.1287,10.0748,-1.18752,-0.21069,,
13.1387,10.0748,-1.13006,-0.172383,,
13.1487,10.094,-1.14922,-0.21069,,
13.1587,10.0748,-1.14922,-0.191536,,
13.1687,10.094,-1.11091,-0.21069,,
13.1787,10.1131,-1.14922,-0.191536,,
13.1887,10.094,-1.16837,-0.229843,,
13.1987,10.0556,-1.18752,-0.229843,,
13.2087,10.0748,-1.18752,-0.248997,,
13.2187,10.0748,-1.20668,-0.229843,,
13.2287,10.0748,-1.20668,-0.229843,,
13.2388,10.094,-1.16837,-0.191536,,
13.2488,10.0748,-1.14922,-0.229843,,
13.2588,10.0748,-1.18752,-0.21069,,
13.2688,10.094,-1.13006,-0.21069,,
13.2788,10.094,-1.14922,-0.229843,,
13.2888,10.094,-1.22583,-0.191536,,
13.2988,10.094,-1.20668,-0.191536,,
13.3088,10.0748,-1.20668,-0.172383,,
13.3188,10.0748,-1.22583,-0.172383,,
13.3288,10.0556,-1.20668,-0.153229,,
13.3388,10.0748,-1.16837,-0.172383,,
13.3488,10.0748,-1.18752,-0.191536,,
13.3588,10.094,-1.18752,-0.172383,,
13.3688,10.094,-1.18752,-0.134075,,
13.3788,10.094,-1.18752,-0.153229,,
13.3889,10.1131,-1.18752,-0.0957681,,
13.3989,10.094,-1.22583,-0.0957681,,
13.4089,10.094,-1.22583,-0.0957681,,
13.4189,10.0748,-1.20668,-0.0957681,,
13.4289,10.0748,-1.20668,-0.0574608,,
13.4389,10.094,-1.22583,-0.0574608,,
13.4489,10.094,-1.22583,-0.0191536,,
13.4589,10.0748,-1.20668,-0.0191536,,
13.4689,10.094,-1.20668,-0.0383072,,
13.4789,10.094,-1.20668,-0.0191536,,
13.4889,10.094,-1.18752,0,,
13.4989,10.094,-1.22583,-0.0191536,,
13.5089,10.1131,-1.22583,0.0383072,,
13.5189,10.094,-1.22583,0.0383072,,
13.5289,10.0748,-1.20668,0.0383072,,
13.539,10.0748,-1.16837,0.0574608,,
13.549,10.094,-1.20668,0.0383072,,
13.559,10.0556,-1.16837,0.0574608,,
13.569,10.0556,-1.22583,0.0766145,,
13.579,10.0556,-1.22583,0.0766145,,
13.589,10.0556,-1.24498,0.0574608,,
13.599,10.0748,-1.22583,0.0574608,,
13.609,10.0748,-1.20668,0.0957681,,
13.619,10.0748,-1.20668,0.0766145,,
13.629,10.0748,-1.20668,0.0766145,,
13.639,10.0748,-1.16837,0.0574608,,
13.649,10.0748,-1.18752,0.0766145,,
13.659,10.0748,-1.20668,0.0957681,,
13.669,10.094,-1.16837,0.0766145,,
13.679,10.0556,-1.16837,0.0766145,,
13.6891,10.094,-1.16837,0.0766145,,
13.6991,10.094,-1.18752,0.0574608,,
13.7091,10.0556,-1.18752,0.0383072,,
13.7191,10.094,-1.20668,0.0766145,,
13.7291,10.0748,-1.18752,0.0191536,,
13.7391,10.094,-1.18752,0,,
13.7491,10.094,-1.16837,0.0191536,,
13.7591,10.094,-1.18752,0.0191536,,
13.7691,10.0748,-1.18752,-0.0383072,,
13.7791,10.094,-1.18752,-0.0191536,,
13.7891,10.0748,-1.14922,-0.0574608,,
13.7991,10.094,-1.18752,-0.0574608,,
13.8091,10.094,-1.22583,-0.0574608,,
13.8191,10.0748,-1.14922,-0.0766145,,
13.8291,10.0748,-1.18752,-0.0574608,,
13.8392,10.0748,-1.14922,-0.0766145,,
13.8492,10.094,-1.16837,-0.134075,,
13.8592,10.0748,-1.16837,-0.134075,,
13.8692,10.0748,-1.18752,-0.114922,,
13.8792,10.0748,-1.16837,-0.153229,,
13.8892,10.0748,-1.16837,-0.153229,,
13.8992,10.1131,-1.18752,-0.153229,,
13.9092,10.0748,-1.16837,-0.172383,,
13.9192,10.0748,-1.16837,-0.191536,,
13.9292,10.094,-1.18752,-0.172383,,
13.9392,10.094,-1.18752,-0.191536,,
13.9492,10.094,-1.16837,-0.191536,,
13.9592,10.094,-1.14922,-0.191536,,
13.9692,10.0748,-1.14922,-0.21069,,
13.9792,10.0748,-1.13006,-0.191536,,
13.9893,10.094,-1.13006,-0.21069,,
13.9993,10.0748,-1.13006,-0.229843,,
14.0093,10.0748,-1.11091,-0.21069,,
14.0193,10.0748,-1.13006,-0.21069,,
14.0293,10.1131,-1.14922,-0.191536,,
14.0393,10.0748,-1.14922,-0.229843,,
14.0493,10.1131,-1.16837,-0.21069,,
14.0593,10.0748,-1.14922,-0.21069,,
14.0693,10.094,-1.13006,-0.229843,,
14.0793,10.094,-1.13006,-0.191536,,
14.0893,10.0748,-1.0726,-0.191536,,
14.0993,10.094,-1.09176,-0.191536,,
14.1093,10.094,-1.11091,-0.172383,,
14.1193,10.094,-1.0726,-0.191536,,
14.1293,10.1131,-1.11091,-0.153229,,
14.1394,10.094,-1.09176,-0.153229,,
14.1494,10.1131,-1.14922,-0.153229,,
14.1594,10.094,-1.11091,-0.153229,,
14.1694,10.0748,-1.11091,-0.153229,,
14.1794,10.0748,-1.09176,-0.134075,,
14.1894,10.094,-1.0343,-0.114922,,
14.1994,10.1131,-1.05345,-0.134075,,
14.2094,10.1131,-1.0726,-0.114922,,
14.2194,10.1131,-1.0726,-0.0766145,,
14.2294,10.094,-1.0726,-0.0957681,,
14.2394,10.094,-1.09176,-0.0766145,,
14.2494,10.094,-1.0726,-0.114922,,
14.2594,10.094,-1.09176,-0.0574608,,
14.2694,10.0748,-1.0726,-0.0574608,,
14.2794,10.0748,-1.0726,-0.0191536,,
14.2894,10.094,-1.0343,-0.0383072,,
14.2995,10.0748,-1.0343,0,,
14.3095,10.094,-1.0343,-0.0383072,,
14.3195,10.094,-1.05345,-0.0191536,,
14.3295,10.1131,-1.05345,-0.0191536,,
14.3395,10.0748,-1.0726,0.0191536,,
14.3495,10.0556,-1.09176,0.0191536,,
14.3595,10.0748,-1.11091,0,,
14.3695,10.1131,-1.05345,0,,
14.3795,10.0748,-1.01514,0.0191536,,
14.3895,10.094,-1.0343,0.0383072,,
14.3995,10.094,-1.01514,0.0191536,,
14.4095,10.1131,-1.01514,0,,
14.4195,10.094,-1.05345,0.0191536,,
14.4295,10.0748,-1.0726,0.0191536,,
14.4395,10.1131,-1.0726,0.0191536,,
14.4496,10.0748,-1.0726,0,,
14.4596,10.0748,-1.01514,0,,
14.4696,10.0748,-1.0343,0.0191536,,
14.4796,10.094,-1.0343,0,,
14.4896,10.0748,-0.976834,0,,
14.4996,10.1131,-0.976834,0,,
14.5096,10.094,-1.01514,-0.0191536,,
14.5196,10.0748,-1.01514,-0.0383072,,
14.5296,10.1131,-1.05345,-0.0191536,,
14.5396,10.094,-1.01514,-0.0383072,,
14.5496,10.094,-1.0343,-0.0574608,,
14.5596,10.1131,-1.05345,-0.0574608,,
14.5696,10.094,-0.995988,-0.0766145,,
14.5796,10.0748,-0.995988,-0.0766145,,
14.5896,10.094,-1.01514,-0.114922,,
14.5997,10.094,-0.976834,-0.0957681,,
14.6097,10.094,-0.995988,-0.114922,,
14.6197,10.1131,-1.0343,-0.0957681,,
14.6297,10.094,-0.995988,-0.114922,,
14.6397,10.094,-1.0726,-0.114922,,
14.6497,10.094,-1.0343,-0.134075,,
14.6597,10.094,-1.0343,-0.153229,,
14.6697,10.1131,-0.976834,-0.172383,,
14.6797,10.094,-0.995988,-0.153229,,
14.6897,10.094,-1.01514,-0.172383,,
14.6997,10.094,-1.0343,-0.191536,,
14.7097,10.094,-1.01514,-0.21069,,
14.7197,10.0748,-1.0343,-0.153229,,
14.7297,10.094,-1.01514,-0.229843,,
14.7397,10.094,-0.995988,-0.229843,,
14.7498,10.1131,-0.976834,-0.229843,,
14.7598,10.1131,-0.995988,-0.248997,,
14.7698,10.094,-1.01514,-0.21069,,
14.7798,10.094,-1.0343,-0.229843,,
14.7898,10.094,-1.01514,-0.229843,,
14.7998,10.094,-0.976834,-0.248997,,
14.8098,10.094,-1.01514,-0.229843,,
14.8198,10.1131,-1.01514,-0.268151,,
14.8298,10.094,-1.01514,-0.21069,,
14.8398,10.094,-1.05345,-0.229843,,
14.8498,10.094,-1.0343,-0.248997,,
14.8598,10.094,-1.05345,-0.229843,,
14.8698,10.1131,-1.01514,-0.248997,,
14.8798,10.1131,-1.01514,-0.229843,,
14.8898,10.094,-1.01514,-0.229843,,
14.8999,10.1131,-1.0343,-0.229843,,
14.9099,10.094,-1.0343,-0.21069,,
14.9199,10.1131,-1.05345,-0.21069,,
14.9299,10.094,-1.0343,-0.191536,,
14.9399,10.0748,-1.05345,-0.191536,,
14.9499,10.0748,-1.01514,-0.153229,,
14.9599,10.1131,-1.01514,-0.191536,,
14.9699,10.0748,-1.01514,-0.153229,,
14.9799,10.094,-1.0343,-0.134075,,
14.9899,10.094,-1.0726,-0.172383,,
14.9999,10.0748,-1.01514,-0.134075,,
15.0099,10.094,-1.05345,-0.153229,,
15.0199,10.094,-1.01514,-0.114922,,
15.0299,10.1131,-1.01514,-0.0957681,,
15.0399,10.094,-1.0343,-0.134075,,
15.05,10.094,-1.0726,-0.114922,,
15.06,10.094,-1.0726,-0.0574608,,
15.07,10.094,-1.0726,-0.0766145,,
15.08,10.094,-1.05345,-0.0766145,,
15.09,10.0748,-1.05345,-0.0766145,,
15.1,10.0748,-1.01514,-0.0766145,,
15.11,10.0748,-1.05345,-0.0574608,,
15.12,10.0748,-1.0726,-0.0383072,,
15.13,10.0748,-1.09176,-0.0191536,,
15.14,10.1131,-1.0726,-0.0383072,,
15.15,10.094,-1.09176,-0.0191536,,
15.16,10.094,-1.05345,-0.0383072,,
15.17,10.094,-1.05345,-0.0383072,,
15.18,10.094,-1.05345,-0.0191536,,
15.19,10.1131,-1.0726,-0.0383072,,
15.2001,10.0748,-1.0726,-0.0574608,,
15.2101,10.094,-1.0726,-0.0574608,,
15.2201,10.0748,-1.09176,0.0191536,,
15.2301,10.0556,-1.0726,-0.0383072,,
15.2401,10.094,-1.05345,-0.0383072,,
15.2501,10.094,-1.0726,-0.0191536,,
15.2601,10.094,-1.09176,-0.0574608,,
15.2701,10.094,-1.05345,-0.0383072,,
15.2801,10.0748,-1.09176,-0.0574608,,
15.2901,10.094,-1.11091,-0.0191536,,
15.3001,10.0748,-1.11091,-0.0574608,,
15.3101,10.0748,-1.11091,-0.0574608,,
15.3201,10.0748,-1.11091,-0.0766145,,
15.3301,10.094,-1.0726,-0.0957681,,
15.3401,10.094,-1.09176,-0.0574608,,
15.3502,10.094,-1.09176,-0.0766145,,
15.3602,10.094,-1.0726,-0.0766145,,
15.3702,10.094,-1.11091,-0.114922,,
15.3802,10.0748,-1.0726,-0.0957681,,
15.3902,10.0748,-1.11091,-0.134075,,
15.4002,10.0748,-1.11091,-0.134075,,
15.4102,10.0748,-1.11091,-0.134075,,
15.4202,10.094,-1.11091,-0.172383,,
15.4302,10.094,-1.09176,-0.153229,,
15.4402,10.094,-1.09176,-0.134075,,
15.4502,10.0748,-1.11091,-0.172383,,
15.4602,10.094,-1.11091,-0.153229,,
15.4702,10.094,-1.09176,-0.191536,,
15.4802,10.094,-1.09176,-0.172383,,
15.4902,10.094,-1.13006,-0.191536,,
15.5003,10.094,-1.14922,-0.21069,,
15.5103,10.0748,-1.14922,-0.191536,,
15.5203,10.0748,-1.13006,-0.21069,,
15.5303,10.0748,-1.13006,-0.191536,,
15.5403,10.094,-1.11091,-0.191536,,
15.5503,10.094,-1.11091,-0.229843,,
15.5603,10.1131,-1.11091,-0.21069,,
15.5703,10.0748,-1.09176,-0.191536,,
15.5803,10.094,-1.11091,-0.21069,,
15.5903,10.0748,-1.13006,-0.21069,,
15.6003,10.094,-1.16837,-0.21069,,
15.6103,10.094,-1.11091,-0.21069,,
15.6203,10.094,-1.16837,-0.21069,,
15.6303,10.0748,-1.14922,-0.191536,,
15.6403,10.0748,-1.09176,-0.229843,,
15.6503,10.0748,-1.13006,-0.21069,,
15.6604,10.094,-1.13006,-0.191536,,
15.6704,10.0556,-1.13006,-0.191536,,
15.6804,10.0365,-1.14922,-0.172383,,
15.6904,10.0748,-1.14922,-0.191536,,
15.7004,10.0748,-1.14922,-0.191536,,
15.7104,10.094,-1.14922,-0.191536,,
15.7204,10.0748,-1.13006,-0.153229,,
15.7304,10.1131,-1.11091,-0.172383,,
15.7404,10.094,-1.13006,-0.191536,,
15.7504,10.0748,-1.13006,-0.153229,,
15.7604,10.0748,-1.14922,-0.134075,,
15.7704,10.0748,-1.14922,-0.114922,,
15.7804,10.094,-1.11091,-0.114922,,
15.7904,10.094,-1.11091,-0.114922,,
15.8004,10.094,-1.13006,-0.134075,,
15.8105,10.094,-1.13006,-0.114922,,
15.8205,10.0748,-1.13006,-0.134075,,
15.8305,10.094,-1.14922,-0.114922,,
15.8405,10.094,-1.13006,-0.0957681,,
15.8505,10.1131,-1.14922,-0.0766145,,
15.8605,10.0748,-1.14922,-0.0957681,,
15.8705,10.094,-1.11091,-0.0766145,,
15.8805,10.0748,-1.11091,-0.0766145,,
15.8905,10.0748,-1.14922,-0.0383072,,
15.9005,10.094,-1.14922,-0.0383072,,
15.9105,10.1131,-1.13006,-0.0383072,,
15.9205,10.0748,-1.11091,-0.0383072,,
15.9305,10.0748,-1.09176,-0.0191536,,
15.9405,10.0748,-1.11091,-0.0383072,,
15.9505,10.0556,-1.11091,-0.0383072,,
15.9606,10.0748,-1.13006,-0.0383072,,
15.9706,10.1131,-1.13006,-0.0574608,,
15.9806,10.0748,-1.14922,0,,
15.9906,10.094,-1.13006,-0.0191536,,
16.0006,10.094,-1.09176,0,,
16.0106,10.094,-1.13006,0,,
16.0206,10.094,-1.13006,-0.0383072,,
16.0306,10.0748,-1.13006,-0.0383072,,
16.0406,10.0748,-1.13006,-0.0383072,,
16.0506,10.0748,-1.13006,-0.0383072,,
16.0606,10.094,-1.13006,-0.0383072,,
16.0706,10.0748,-1.09176,-0.0191536,,
16.0806,10.094,-1.09176,-0.0191536,,
16.0906,10.0748,-1.11091,-0.0191536,,
16.1006,10.094,-1.13006,-0.0383072,,
16.1107,10.0748,-1.13006,-0.0383072,,
16.1207,10.094,-1.11091,-0.0383072,,
16.1307,10.094,-1.11091,-0.0574608,,
16.1407,10.094,-1.09176,-0.0574608,,
16.1507,10.094,-1.11091,-0.0957681,,
16.1607,10.0748,-1.09176,-0.0957681,,
16.1707,10.094,-1.13006,-0.0766145,,
16.1807,10.094,-1.13006,-0.0766145,,
16.1907,10.0748,-1.14922,-0.114922,,
16.2007,10.094,-1.11091,-0.134075,,
16.2107,10.0748,-1.09176,-0.134075,,
16.2207,10.0748,-1.09176,-0.134075,,
16.2307,10.0748,-1.09176,-0.134075,,
16.2407,10.094,-1.11091,-0.153229,,
16.2507,10.094,-1.09176,-0.153229,,
16.2608,10.0748,-1.09176,-0.172383,,
16.2708,10.094,-1.09176,-0.172383,,
16.2808,10.094,-1.0726,-0.134075,,
16.2908,10.1131,-1.0726,-0.134075,,
16.3008,10.094,-1.0726,-0.153229,,
16.3108,10.094,-1.09176,-0.191536,,
16.3208,10.094,-1.11091,-0.172383,,
16.3308,10.094,-1.09176,-0.191536,,
16.3408,10.0748,-1.0726,-0.191536,,
16.3508,10.094,-1.09176,-0.191536,,
16.3608,10.1131,-1.0726,-0.172383,,
16.3708,10.1131,-1.0726,-0.172383,,
16.3808,10.1131,-1.05345,-0.191536,,
16.3908,10.0748,-1.09176,-0.172383,,
16.4008,10.094,-1.0726,-0.191536,,
16.4109,10.0748,-1.0726,-0.191536,,
16.4209,10.1131,-1.05345,-0.172383,,
16.4309,10.094,-1.11091,-0.153229,,
16.4409,10.094,-1.0726,-0.191536,,
16.4509,10.094,-1.09176,-0.191536,,
16.4609,10.0748,-1.09176,-0.134075,,
16.4709,10.0748,-1.05345,-0.153229,,
16.4809,10.0748,-1.0343,-0.172383,,
16.4909,10.1131,-1.0726,-0.172383,,
16.5009,10.094,-1.0726,-0.134075,,
16.5109,10.094,-1.09176,-0.153229,,
16.5209,10.094,-1.09176,-0.153229,,
16.5309,10.1131,-1.09176,-0.114922,,
16.5409,10.094,-1.0726,-0.114922,,
16.5509,10.1131,-1.09176,-0.114922,,
16.561,10.094,-1.0726,-0.0957681,,
16.571,10.1131,-1.05345,-0.0957681,,
16.581,10.1131,-1.0726,-0.0766145,,
16.591,10.1131,-1.0343,-0.0383072,,
16.601,10.094,-1.0343,-0.0574608,,
16.611,10.0556,-1.05345,-0.0574608,,
16.621,10.094,-1.0726,-0.0574608,,
16.631,10.094,-1.0726,-0.0383072,,
16.641,10.0748,-1.0726,-0.0383072,,
16.651,10.0748,-1.05345,-0.0574608,,
16.661,10.0748,-1.0343,-0.0574608,,
16.671,10.1131,-1.05345,-0.0383072,,
16.681,10.094,-1.05345,-0.0383072,,
16.691,10.094,-1.05345,-0.0191536,,
16.701,10.094,-1.05345,0,,
16.7111,10.094,-1.05345,0,,
16.7211,10.094,-1.0726,0,,
16.7311,10.094,-1.05345,0,,
16.7411,10.0748,-1.05345,0,,
16.7511,10.094,-1.05345,0.0191536,,
16.7611,10.094,-1.05345,0,,
16.7711,10.1131,-1.05345,-0.0191536,,
16.7811,10.0748,-1.0343,0,,
16.7911,10.094,-1.05345,-0.0191536,,
16.8011,10.094,-1.05345,0,,
16.8111,10.1131,-1.05345,0.0191536,,
16.8211,10.0748,-1.0726,0.0191536,,
16.8311,10.0556,-1.09176,0.0383072,,
16.8411,10.094,-1.09176,0.0191536,,
16.8511,10.094,-1.0726,0.0191536,,
16.8612,10.1131,-1.05345,0,,
16.8712,10.0748,-1.0343,-0.0191536,,
16.8812,10.094,-1.05345,0,,
16.8912,10.094,-1.09176,0,,
16.9012,10.0748,-1.0726,-0.0191536,,
16.9112,10.094,-1.0726,0,,
16.9212,10.0748,-1.0726,-0.0574608,,
16.9312,10.094,-1.05345,-0.0191536,,
16.9412,10.094,-1.01514,-0.0383072,,
16.9512,10.094,-1.05345,-0.0574608,,
16.9612,10.0748,-1.05345,-0.0574608,,
16.9712,10.0748,-1.0726,-0.0383072,,
16.9812,10.0748,-1.0726,-0.0766145,,
16.9912,10.1131,-1.09176,-0.0766145,,
17.0012,10.0556,-1.0726,-0.0766145,,
17.0112,10.0748,-1.05345,-0.0766145,,
17.0213,10.094,-1.0726,-0.0574608,,
17.0313,10.094,-1.09176,-0.0957681,,
17.0413,10.1131,-1.0726,-0.114922,,
17.0513,10.094,-1.0726,-0.114922,,
17.0613,10.1131,-1.0726,-0.0957681,,
17.0713,10.0748,-1.0726,-0.134075,,
17.0813,10.094,-1.05345,-0.134075,,
17.0913,10.094,-1.0726,-0.134075,,
17.1013,10.094,-1.09176,-0.153229,,
17.1113,10.1131,-1.09176,-0.134075,,
17.1213,10.094,-1.11091,-0.134075,,
17.1313,10.094,-1.09176,-0.153229,,
17.1413,10.094,-1.05345,-0.172383,,
17.1513,10.1131,-1.0726,-0.172383,,
17.1613,10.0748,-1.0726,-0.134075,,
17.1714,10.094,-1.09176,-0.172383,,
17.1814,10.0748,-1.0726,-0.153229,,
17.1914,10.094,-1.09176,-0.153229,,
17.2014,10.1131,-1.09176,-0.153229,,
17.2114,10.1131,-1.11091,-0.172383,,
17.2214,10.0748,-1.09176,-0.172383,,
17.2314,10.0748,-1.05345,-0.134075,,
17.2414,10.094,-1.0726,-0.134075,,
17.2514,10.0748,-1.09176,-0.114922,,
17.2614,10.094,-1.11091,-0.134075,,
17.2714,10.094,-1.09176,-0.134075,,
17.2814,10.0748,-1.09176,-0.153229,,
17.2914,10.0748,-1.11091,-0.153229,,
17.3014,10.094,-1.09176,-0.114922,,
17.3114,10.094,-1.09176,-0.114922,,
17.3215,10.1131,-1.11091,-0.0957681,,
17.3315,10.094,-1.13006,-0.114922,,
17.3415,10.0748,-1.09176,-0.0957681,,
17.3515,10.094,-1.11091,-0.0957681,,
17.3615,10.0748,-1.09176,-0.114922,,
17.3715,10.0748,-1.09176,-0.0766145,,
17.3815,10.0748,-1.09176,-0.0766145,,
17.3915,10.094,-1.13006,-0.0766145,,
17.4015,10.0748,-1.13006,-0.0574608,,
17.4115,10.0748,-1.11091,-0.0574608,,
17.4215,10.094,-1.09176,-0.0766145,,
17.4315,10.0748,-1.11091,-0.0766145,,
17.4415,10.094,-1.09176,-0.0574608,,
17.4515,10.094,-1.09176,-0.0383072,,
17.4615,10.094,-1.11091,-0.0191536,,
17.4716,10.094,-1.11091,-0.0383072,,
17.4816,10.0748,-1.11091,-0.0383072,,
17.4916,10.0748,-1.11091,-0.0383072,,
17.5016,10.0748,-1.13006,-0.0191536,,
17.5116,10.0748,-1.13006,-0.0383072,,
17.5216,10.094,-1.13006,-0.0383072,,
17.5316,10.0748,-1.11091,0.0191536,,
17.5416,10.0748,-1.11091,0,,
17.5516,10.094,-1.11091,-0.0191536,,
17.5616,10.094,-1.11091,0,,
17.5716,10.094,-1.11091,0,,
17.5816,10.0748,-1.13006,-0.0383072,,
17.5916,10.0748,-1.11091,-0.0191536,,
17.6016,10.094,-1.11091,0,,
17.6116,10.094,-1.11091,-0.0383072,,
17.6217,10.0748,-1.11091,-0.0191536,,
17.6317,10.094,-1.13006,-0.0191536,,
17.6417,10.0748,-1.13006,0.0191536,,
17.6517,10.094,-1.09176,-0.0383072,,
17.6617,10.0748,-1.11091,-0.0191536,,
17.6717,10.094,-1.11091,-0.0383072,,
17.6817,10.094,-1.13006,-0.0574608,,
17.6917,10.0748,-1.13006,-0.0383072,,
17.7017,10.1131,-1.09176,-0.0574608,,
17.7117,10.0748,-1.11091,-0.0383072,,
17.7217,10.094,-1.11091,-0.0574608,,
17.7317,10.0748,-1.11091,-0.0574608,,
17.7417,10.0748,-1.11091,-0.0957681,,
17.7517,10.094,-1.14922,-0.0766145,,
17.7617,10.094,-1.11091,-0.0574608,,
17.7718,10.0748,-1.13006,-0.0766145,,
17.7818,10.0748,-1.11091,-0.0957681,,
17.7918,10.0748,-1.11091,-0.114922,,
17.8018,10.094,-1.09176,-0.0957681,,
17.8118,10.0748,-1.11091,-0.134075,,
17.8218,10.0748,-1.13006,-0.114922,,
17.8318,10.094,-1.13006,-0.114922,,
17.8418,10.094,-1.09176,-0.153229,,
17.8518,10.1131,-1.0726,-0.134075,,
17.8618,10.094,-1.11091,-0.114922,,
17.8718,10.0748,-1.09176,-0.134075,,
17.8818,10.094,-1.13006,-0.134075,,
17.8918,10.094,-1.09176,-0.134075,,
17.9018,10.094,-1.11091,-0.153229,,
17.9118,10.094,-1.09176,-0.134075,,
17.9219,10.094,-1.11091,-0.172383,,
17.9319,10.0748,-1.09176,-0.114922,,
17.9419,10.0748,-1.11091,-0.172383,,
17.9519,10.0748,-1.11091,-0.153229,,
17.9619,10.094,-1.11091,-0.172383,,
17.9719,10.0748,-1.09176,-0.153229,,
17.9819,10.094,-1.0726,-0.172383,,
17.9919,10.094,-1.09176,-0.191536,,
18.0019,10.094,-1.11091,-0.172383,,
18.0119,10.094,-1.11091,-0.134075,,
18.0219,10.0748,-1.0726,-0.134075,,
18.0319,10.094,-1.09176,-0.153229,,
18.0419,10.1131,-1.09176,-0.172383,,
18.0519,10.094,-1.0726,-0.134075,,
18.0619,10.0748,-1.09176,-0.153229,,
18.072,10.0748,-1.11091,-0.153229,,
18.082,10.094,-1.09176,-0.153229,,
18.092,10.094,-1.11091,-0.134075,,
18.102,10.094,-1.11091,-0.114922,,
18.112,10.094,-1.09176,-0.134075,,
18.122,10.094,-1.0726,-0.134075,,
18.132,10.094,-1.0726,-0.114922,,
18.142,10.1131,-1.0726,-0.114922,,
18.152,10.0748,-1.09176,-0.114922,,
18.162,10.094,-1.0726,-0.0957681,,
18.172,10.094,-1.09176,-0.0957681,,
18.182,10.094,-1.09176,-0.114922,,
18.192,10.094,-1.11091,-0.0957681,,
18.202,10.094,-1.0726,-0.114922,,
18.212,10.094,-1.09176,-0.0766145,,
18.2221,10.094,-1.09176,-0.0957681,,
18.2321,10.0748,-1.09176,-0.0383072,,
18.2421,10.1131,-1.0726,-0.0957681,,
18.2521,10.094,-1.05345,-0.0766145,,
18.2621,10.094,-1.0726,-0.0766145,,
18.2721,10.0748,-1.0726,-0.0574608,,
18.2821,10.094,-1.05345,-0.0383072,,
18.2921,10.094,-1.0726,-0.0766145,,
18.3021,10.0748,-1.09176,-0.0383072,,
18.3121,10.0748,-1.0726,-0.0574608,,
18.3221,10.094,-1.0726,-0.0383072,,
18.3321,10.094,-1.0726,-0.0383072,,
18.3421,10.0748,-1.0726,-0.0574608,,
18.3521,10.094,-1.0343,-0.0383072,,
18.3621,10.094,-1.0726,-0.0574608,,
18.3721,10.0748,-1.05345,-0.0766145,,
18.3822,10.094,-1.09176,-0.0574608,,
18.3922,10.094,-1.0726,-0.0766145,,
18.4022,10.094,-1.0726,-0.0383072,,
18.4122,10.0748,-1.0726,-0.0766145,,
18.4222,10.0748,-1.0726,-0.0766145,,
18.4322,10.094,-1.0726,-0.0574608,,
18.4422,10.0748,-1.0726,-0.0766145,,
18.4522,10.094,-1.0726,-0.0574608,,
18.4622,10.1131,-1.09176,-0.0766145,,
18.4722,10.094,-1.05345,-0.0574608,,
18.4822,10.094,-1.05345,-0.0957681,,
18.4922,10.094,-1.0343,-0.0574608,,
18.5022,10.094,-1.09176,-0.114922,,
18.5122,10.094,-1.0726,-0.153229,,
18.5222,10.094,-1.09176,-0.0766145,,
18.5323,10.1131,-1.05345,-0.114922,,
18.5423,10.094,-1.0726,-0.0957681,,
18.5523,10.0748,-1.0726,-0.114922,,
18.5623,10.094,-1.0726,-0.134075,,
18.5723,10.0748,-1.0726,-0.114922,,
18.5823,10.1131,-1.0726,-0.0957681,,
18.5923,10.094,-1.05345,-0.134075,,
18.6023,10.094,-1.05345,-0.153229,,
18.6123,10.094,-1.0726,-0.153229,,
18.6223,10.094,-1.0726,-0.114922,,
18.6323,10.0748,-1.05345,-0.172383,,
18.6423,10.0748,-1.0726,-0.153229,,
18.6523,10.094,-1.0343,-0.153229,,
18.6623,10.094,-1.0726,-0.191536,,
18.6723,10.094,-1.0726,-0.172383,,
18.6824,10.0748,-1.0726,-0.172383,,
18.6924,10.094,-1.0726,-0.191536,,
18.7024,10.094,-1.05345,-0.191536,,
18.7124,10.094,-1.09176,-0.191536,,
18.7224,10.0748,-1.0726,-0.172383,,
18.7324,10.094,-1.0726,-0.191536,,
18.7424,10.094,-1.0726,-0.21069,,
18.7524,10.0748,-1.0726,-0.21069,,
18.7624,10.0748,-1.0726,-0.191536,,
18.7724,10.0748,-1.05345,-0.191536,,
18.7824,10.094,-1.09176,-0.172383,,
18.7924,10.094,-1.05345,-0.172383,,
18.8024,10.1131,-1.0726,-0.191536,,
18.8124,10.1131,-1.0726,-0.191536,,
18.8224,10.0748,-1.0726,-0.172383,,
18.8325,10.094,-1.09176,-0.191536,,
18.8425,10.1131,-1.11091,-0.172383,,
18.8525,10.1131,-1.09176,-0.153229,,
18.8625,10.094,-1.11091,-0.134075,,
18.8725,10.094,-1.0726,-0.153229,,
18.8825,10.094,-1.0726,-0.153229,,
18.8925,10.094,-1.09176,-0.191536,,
18.9025,10.094,-1.09176,-0.153229,,
18.9125,10.094,-1.0726,-0.172383,,
18.9225,10.094,-1.09176,-0.134075,,
18.9325,10.094,-1.09176,-0.114922,,
18.9425,10.094,-1.09176,-0.153229,,
18.9525,10.094,-1.0726,-0.153229,,
18.9625,10.094,-1.09176,-0.134075,,
18.9725,10.094,-1.09176,-0.153229,,
18.9826,10.0748,-1.0726,-0.114922,,
18.9926,10.0748,-1.0726,-0.114922,,
19.0026,10.094,-1.11091,-0.134075,,
19.0126,10.0748,-1.09176,-0.114922,,
19.0226,10.0748,-1.09176,-0.134075,,
19.0326,10.094,-1.0726,-0.0957681,,
19.0426,10.0748,-1.11091,-0.0766145,,
19.0526,10.0748,-1.09176,-0.114922,,
19.0626,10.094,-1.09176,-0.0957681,,
19.0726,10.094,-1.09176,-0.114922,,
19.0826,10.094,-1.11091,-0.114922,,
19.0926,10.0748,-1.0726,-0.0766145,,
19.1026,10.0556,-1.09176,-0.0957681,,
19.1126,10.0748,-1.0726,-0.0383072,,
19.1226,10.0748,-1.11091,-0.0574608,,
19.1327,10.0748,-1.11091,-0.0574608,,
19.1427,10.094,-1.11091,-0.0957681,,
19.1527,10.0748,-1.11091,-0.0574608,,
19.1627,10.0748,-1.11091,-0.0383072,,
19.1727,10.094,-1.0726,-0.0957681,,
19.1827,10.094,-1.11091,-0.0766145,,
19.1927,10.094,-1.11091,-0.0574608,,
19.2027,10.0748,-1.13006,-0.0957681,,
19.2127,10.0748,-1.11091,-0.0766145,,
19.2227,10.094,-1.09176,-0.0957681,,
19.2327,10.0748,-1.11091,-0.0957681,,
19.2427,10.094,-1.09176,-0.0766145,,
19.2527,10.0748,-1.09176,-0.0574608,,
19.2627,10.0748,-1.13006,-0.0957681,,
19.2727,10.0748,-1.13006,-0.0766145,,
19.2828,10.0748,-1.11091,-0.0957681,,
19.2928,10.094,-1.09176,-0.0957681,,
19.3028,10.0748,-1.11091,-0.114922,,
19.3128,10.094,-1.13006,-0.0957681,,
19.3228,10.094,-1.13006,-0.0957681,,
19.3328,10.094,-1.11091,-0.0957681,,
19.3428,10.094,-1.13006,-0.114922,,
19.3528,10.0748,-1.11091,-0.114922,,
19.3628,10.094,-1.11091,-0.134075,,
19.3728,10.094,-1.11091,-0.114922,,
19.3828,10.094,-1.13006,-0.153229,,
19.3928,10.094,-1.11091,-0.153229,,
19.4028,10.094,-1.11091,-0.134075,,
19.4128,10.0748,-1.13006,-0.153229,,
19.4228,10.0748,-1.13006,-0.134075,,
19.4329,10.094,-1.13006,-0.134075,,
19.4429,10.094,-1.11091,-0.134075,,
19.4529,10.0748,-1.11091,-0.172383,,
19.4629,10.094,-1.11091,-0.134075,,
19.4729,10.094,-1.09176,-0.134075,,
19.4829,10.0748,-1.14922,-0.153229,,
19.4929,10.094,-1.11091,-0.191536,,
19.5029,10.0748,-1.11091,-0.172383,,
19.5129,10.094,-1.11091,-0.153229,,
19.5229,10.0748,-1.11091,-0.172383,,
19.5329,10.0748,-1.11091,-0.153229,,
19.5429,10.094,-1.13006,-0.153229,,
19.5529,10.094,-1.13006,-0.153229,,
19.5629,10.094,-1.09176,-0.172383,,
19.5729,10.0556,-1.11091,-0.191536,,
19.583,10.0748,-1.11091,-0.134075,,
19.593,10.094,-1.11091,-0.134075,,
19.603,10.094,-1.09176,-0.191536,,
19.613,10.094,-1.13006,-0.134075,,
19.623,10.094,-1.11091,-0.153229,,
19.633,10.0748,-1.13006,-0.114922,,
19.643,10.0748,-1.11091,-0.172383,,
19.653,10.094,-1.11091,-0.153229,,
19.663,10.094,-1.09176,-0.172383,,
19.673,10.0748,-1.13006,-0.153229,,
19.683,10.0748,-1.11091,-0.134075,,
19.693,10.0556,-1.11091,-0.153229,,
19.703,10.094,-1.09176,-0.134075,,
19.713,10.0748,-1.13006,-0.134075,,
19.723,10.1131,-1.09176,-0.114922,,
19.733,10.1131,-1.09176,-0.114922,,
19.7431,10.094,-1.0726,-0.114922,,
19.7531,10.0748,-1.09176,-0.114922,,
19.7631,10.0748,-1.09176,-0.114922,,
19.7731,10.0748,-1.09176,-0.0766145,,
19.7831,10.0748,-1.09176,-0.0766145,,
19.7931,10.0748,-1.11091,-0.0766145,,
19.8031,10.094,-1.09176,-0.0766145,,
19.8131,10.0556,-1.09176,-0.0766145,,
19.8231,10.0748,-1.09176,-0.0574608,,
19.8331,10.094,-1.11091,-0.0383072,,
19.8431,10.094,-1.0726,-0.0957681,,
19.8531,10.094,-1.11091,-0.0383072,,
19.8631,10.0748,-1.09176,-0.0574608,,
19.8731,10.094,-1.09176,-0.0574608,,
19.8831,10.0748,-1.11091,-0.0766145,,
19.8932,10.094,-1.09176,-0.0766145,,
19.9032,10.094,-1.09176,-0.0574608,,
19.9132,10.094,-1.09176,-0.0383072,,
19.9232,10.094,-1.09176,-0.0766145,,
19.9332,10.094,-1.0726,-0.0383072,,
19.9432,10.094,-1.0726,-0.0191536,,
19.9532,10.0748,-1.09176,-0.0574608,,
19.9632,10.094,-1.0726,-0.0383072,,
19.9732,10.094,-1.0726,-0.0574608,,
19.9832,10.094,-1.09176,-0.0383072,,
19.9932,10.094,-1.11091,-0.0383072,,
20.0032,10.0748,-1.0726,-0.0574608,,
20.0132,10.094,-1.0726,-0.0383072,,
20.0232,10.0748,-1.11091,-0.0574608,,
20.0332,10.0748,-1.09176,-0.0766145,,
20.0433,10.094,-1.09176,-0.0766145,,
20.0533,10.094,-1.0726,-0.0383072,,
20.0633,10.0748,-1.09176,-0.0574608,,
20.0733,10.094,-1.0726,-0.0574608,,
20.0833,10.094,-1.05345,-0.0574608,,
20.0933,10.1131,-1.09176,-0.0574608,,
20.1033,10.094,-1.09176,-0.0574608,,
20.1133,10.0748,-1.0726,-0.0766145,,
20.1233,10.0748,-1.0726,-0.0766145,,
20.1333,10.094,-1.09176,-0.0766145,,
20.1433,10.094,-1.05345,-0.0957681,,
20.1533,10.1131,-1.09176,-0.0766145,,
20.1633,10.094,-1.05345,-0.0574608,,
20.1733,10.094,-1.0726,-0.0957681,,
20.1833,10.0748,-1.0726,-0.114922,,
20.1934,10.094,-1.0726,-0.0766145,,
20.2034,10.094,-1.09176,-0.0957681,,
20.2134,10.094,-1.05345,-0.0957681,,
20.2234,10.1131,-1.0726,-0.114922,,
20.2334,10.094,-1.0726,-0.0957681,,
20.2434,10.094,-1.09176,-0.134075,,
20.2534,10.094,-1.0726,-0.114922,,
20.2634,10.0748,-1.0726,-0.0957681,,
20.2734,10.1131,-1.0726,-0.134075,,
20.2834,10.094,-1.0726,-0.114922,,
20.2934,10.094,-1.0726,-0.114922,,
20.3034,10.094,-1.05345,-0.134075,,
20.3134,10.094,-1.05345,-0.153229,,
20.3234,10.1131,-1.0726,-0.153229,,
20.3334,10.094,-1.0726,-0.134075,,
20.3435,10.0748,-1.0726,-0.134075,,
20.3535,10.094,-1.0343,-0.114922,,
20.3635,10.0748,-1.09176,-0.134075,,
20.3735,10.0748,-1.05345,-0.0957681,,
20.3835,10.094,-1.09176,-0.134075,,
20.3935,10.094,-1.05345,-0.114922,,
20.4035,10.094,-1.0726,-0.114922,,
20.4135,10.094,-1.09176,-0.114922,,
20.4235,10.094,-1.0726,-0.153229,,
20.4335,10.094,-1.09176,-0.0957681,,
20.4435,10.094,-1.0343,-0.134075,,
20.4535,10.0748,-1.05345,-0.114922,,
20.4635,10.094,-1.05345,-0.0957681,,
20.4735,10.094,-1.05345,-0.114922,,
20.4835,10.094,-1.0726,-0.114922,,
20.4936,10.094,-1.09176,-0.0574608,,
20.5036,10.1131,-1.0726,-0.0957681,,
20.5136,10.1131,-1.09176,-0.0957681,,
20.5236,10.094,-1.0726,-0.114922,,
20.5336,10.094,-1.0726,-0.0574608,,
20.5436,10.0748,-1.0726,-0.0957681,,
20.5536,10.0556,-1.0726,-0.0574608,,
20.5636,10.094,-1.05345,-0.0383072,,
20.5736,10.0748,-1.0726,-0.0574608,,
20.5836,10.094,-1.0726,-0.0574608,,
20.5936,10.094,-1.0726,-0.0574608,,
20.6036,10.094,-1.05345,-0.0383072,,
20.6136,10.0748,-1.0726,-0.0383072,,
20.6236,10.094,-1.0726,-0.0383072,,
20.6336,10.094,-1.09176,-0.0191536,,
20.6437,10.094,-1.09176,-0.0766145,,
20.6537,10.094,-1.0726,-0.0191536,,
20.6637,10.094,-1.09176,-0.0191536,,
20.6737,10.094,-1.0726,-0.0191536,,
20.6837,10.094,-1.09176,-0.0191536,,
20.6937,10.0748,-1.05345,-0.0383072,,
20.7037,10.094,-1.09176,0.0191536,,
20.7137,10.0748,-1.0726,-0.0383072,,
20.7237,10.094,-1.0726,-0.0383072,,
20.7337,10.094,-1.09176,-0.0383072,,
20.7437,10.1131,-1.0726,-0.0383072,,
20.7537,10.094,-1.09176,0,,
20.7637,10.0748,-1.09176,-0.0383072,,
20.7737,10.0748,-1.0726,-0.0191536,,
20.7837,10.1131,-1.0726,-0.0383072,,
20.7938,10.094,-1.09176,-0.0383072,,
20.8038,10.094,-1.09176,0,,
20.8138,10.094,-1.09176,-0.0191536,,
20.8238,10.094,-1.09176,-0.0574608,,
20.8338,10.094,-1.11091,-0.0191536,,
20.8438,10.1131,-1.09176,-0.0191536,,
20.8538,10.0748,-1.11091,-0.0191536,,
20.8638,10.1131,-1.09176,-0.0574608,,
20.8738,10.0748,-1.09176,-0.0766145,,
20.8838,10.094,-1.09176,-0.0383072,,
20.8938,10.0748,-1.09176,-0.0574608,,
20.9038,10.0748,-1.13006,-0.0574608,,
20.9138,10.0748,-1.11091,-0.0766145,,
20.9238,10.094,-1.11091,-0.0766145,,
20.9338,10.094,-1.09176,-0.0766145,,
20.9439,10.094,-1.09176,-0.0574608,,
20.9539,10.1131,-1.11091,-0.0957681,,
20.9639,10.0748,-1.11091,-0.0574608,,
20.9739,10.0748,-1.11091,-0.0957681,,
20.9839,10.0748,-1.11091,-0.0574608,,
20.9939,10.1131,-1.11091,-0.114922,,
21.0039,10.094,-1.13006,-0.0957681,,
21.0139,10.094,-1.09176,-0.0957681,,
21.0239,10.0748,-1.11091,-0.0957681,,
21.0339,10.094,-1.11091,-0.114922,,
21.0439,10.094,-1.09176,-0.153229,,
21.0539,10.094,-1.13006,-0.0574608,,
21.0639,10.094,-1.09176,-0.134075,,
21.0739,10.094,-1.09176,-0.114922,,
21.0839,10.094,-1.13006,-0.134075,,
21.0939,10.0748,-1.11091,-0.134075,,
21.104,10.0748,-1.09176,-0.114922,,
21.114,10.094,-1.11091,-0.114922,,
21.124,10.094,-1.11091,-0.134075,,
21.134,10.094,-1.13006,-0.134075,,
21.144,10.0748,-1.13006,-0.114922,,
21.154,10.094,-1.11091,-0.153229,,
21.164,10.0748,-1.13006,-0.134075,,
21.174,10.0748,-1.11091,-0.134075,,
21.184,10.0748,-1.09176,-0.114922,,
21.194,10.094,-1.09176,-0.114922,,
21.204,10.094,-1.11091,-0.114922,,
21.214,10.0748,-1.11091,-0.134075,,
21.224,10.094,-1.09176,-0.0957681,,
21.234,10.0748,-1.11091,-0.114922,,
21.244,10.0748,-1.13006,-0.114922,,
21.2541,10.0748,-1.11091,-0.0957681,,
21.2641,10.0748,-1.11091,-0.114922,,
21.2741,10.094,-1.11091,-0.114922,,
21.2841,10.094,-1.11091,-0.114922,,
21.2941,10.094,-1.09176,-0.114922,,
21.3041,10.094,-1.11091,-0.134075,,
21.3141,10.0748,-1.11091,-0.0957681,,
21.3241,10.094,-1.11091,-0.114922,,
21.3341,10.0748,-1.13006,-0.0574608,,
21.3441,10.0748,-1.13006,-0.0766145,,
21.3541,10.094,-1.13006,-0.0766145,,
21.3641,10.1131,-1.11091,-0.0574608,,
21.3741,10.094,-1.11091,-0.0574608,,
21.3841,10.0748,-1.13006,-0.0766145,,
21.3941,10.094,-1.09176,-0.0574608,,
21.4042,10.0748,-1.11091,-0.0574608,,
21.4142,10.0748,-1.09176,-0.0766145,,
21.4242,10.094,-1.09176,-0.0574608,,
21.4342,10.0556,-1.13006,-0.0574608,,
21.4442,10.0748,-1.09176,-0.0383072,,
21.4542,10.0748,-1.13006,-0.0574608,,
21.4642,10.1131,-1.09176,-0.0191536,,
21.4742,10.094,-1.13006,-0.0574608,,
21.4842,10.0748,-1.13006,-0.0574608,,
21.4942,10.094,-1.11091,-0.0574608,,
21.5042,10.094,-1.11091,-0.0383072,,
21.5142,10.094,-1.09176,-0.0574608,,
21.5242,10.094,-1.11091,-0.0574608,,
21.5342,10.094,-1.09176,-0.0574608,,
21.5442,10.094,-1.09176,-0.0766145,,
21.5543,10.0748,-1.11091,-0.0383072,,
21.5643,10.094,-1.11091,-0.0574608,,
21.5743,10.0748,-1.11091,-0.0574608,,
21.5843,10.094,-1.09176,-0.0574608,,
21.5943,10.0748,-1.11091,-0.0574608,,
21.6043,10.0748,-1.09176,-0.0574608,,
21.6143,10.094,-1.11091,-0.0383072,,
21.6243,10.094,-1.11091,-0.0766145,,
21.6343,10.094,-1.11091,-0.0766145,,
21.6443,10.0748,-1.09176,-0.0766145,,
21.6543,10.094,-1.0726,-0.0957681,,
21.6643,10.094,-1.11091,-0.0766145,,
21.6743,10.094,-1.09176,-0.0766145,,
21.6843,10.0748,-1.11091,-0.0766145,,
21.6943,10.094,-1.11091,-0.0957681,,
21.7044,10.094,-1.09176,-0.0957681,,
21.7144,10.1131,-1.0726,-0.0957681,,
21.7244,10.1131,-1.09176,-0.0957681,,
21.7344,10.0748,-1.11091,-0.0957681,,
21.7444,10.094,-1.09176,-0.0957681,,
21.7544,10.0748,-1.09176,-0.114922,,
21.7644,10.1131,-1.09176,-0.134075,,
21.7744,10.094,-1.09176,-0.114922,,
21.7844,10.1131,-1.0726,-0.114922,,
21.7944,10.0748,-1.11091,-0.114922,,
21.8044,10.094,-1.0726,-0.114922,,
21.8144,10.094,-1.11091,-0.114922,,
21.8244,10.094,-1.05345,-0.134075,,
21.8344,10.094,-1.05345,-0.153229,,
21.8444,10.094,-1.0726,-0.153229,,
21.8545,10.094,-1.0726,-0.134075,,
21.8645,10.094,-1.0726,-0.153229,,
21.8745,10.094,-1.0726,-0.134075,,
21.8845,10.094,-1.0726,-0.134075,,
21.8945,10.1131,-1.0726,-0.153229,,
21.9045,10.0748,-1.0726,-0.153229,,
21.9145,10.094,-1.0726,-0.153229,,
21.9245,10.094,-1.0726,-0.153229,,
21.9345,10.094,-1.09176,-0.153229,,
21.9445,10.094,-1.0726,-0.134075,,
21.9545,10.094,-1.05345,-0.153229,,
21.9645,10.1131,-1.0726,-0.153229,,
21.9745,10.094,-1.0726,-0.153229,,
21.9845,10.094,-1.0726,-0.134075,,
21.9945,10.094,-1.09176,-0.134075,,
22.0046,10.0748,-1.0726,-0.153229,,
22.0146,10.094,-1.09176,-0.153229,,
22.0246,10.094,-1.0726,-0.134075,,
22.0346,10.1131,-1.0726,-0.172383,,
22.0446,10.094,-1.0726,-0.153229,,
22.0546,10.0748,-1.0726,-0.114922,,
22.0646,10.094,-1.05345,-0.134075,,
22.0746,10.094,-1.09176,-0.134075,,
22.0846,10.094,-1.0726,-0.134075,,
22.0946,10.0748,-1.0726,-0.114922,,
22.1046,10.1131,-1.0726,-0.134075,,
22.1146,10.094,-1.05345,-0.114922,,
22.1246,10.094,-1.0726,-0.114922,,
22.1346,10.094,-1.05345,-0.134075,,
22.1446,10.1131,-1.0726,-0.153229,,
22.1547,10.094,-1.0726,-0.134075,,
22.1647,10.0748,-1.0726,-0.0957681,,
22.1747,10.0748,-1.0726,-0.0766145,,
22.1847,10.094,-1.0726,-0.114922,,
22.1947,10.1131,-1.0726,-0.114922,,
22.2047,10.1131,-1.05345,-0.114922,,
22.2147,10.1131,-1.0343,-0.114922,,
22.2247,10.094,-1.09176,-0.0957681,,
22.2347,10.1131,-1.05345,-0.0957681,,
22.2447,10.1131,-1.0726,-0.0766145,,
22.2547,10.1131,-1.05345,-0.114922,,
22.2647,10.094,-1.0726,-0.0766145,,
22.2747,10.1131,-1.09176,-0.0766145,,
22.2847,10.0748,-1.05345,-0.0957681,,
22.2947,10.094,-1.0726,-0.114922,,
22.3048,10.094,-1.0726,-0.0957681,,
22.3148,10.094,-1.0726,-0.0957681,,
22.3248,10.0748,-1.0726,-0.0766145,,
22.3348,10.1131,-1.05345,-0.0957681,,
22.3448,10.094,-1.09176,-0.0766145,,
22.3548,10.1131,-1.05345,-0.114922,,
22.3648,10.0748,-1.0726,-0.0957681,,
22.3748,10.094,-1.0726,-0.0574608,,
22.3848,10.0748,-1.0726,-0.0957681,,
22.3948,10.0748,-1.0726,-0.114922,,
22.4048,10.094,-1.0726,-0.0383072,,
22.4148,10.094,-1.0726,-0.0957681,,
22.4248,10.0748,-1.09176,-0.114922,,
22.4348,10.0748,-1.09176,-0.0957681,,
22.4448,10.0748,-1.05345,-0.114922,,
22.4548,10.094,-1.0726,-0.134075,,
22.4649,10.094,-1.09176,-0.0957681,,
22.4749,10.094,-1.0726,-0.114922,,
22.4849,10.094,-1.09176,-0.114922,,
22.4949,10.094,-1.05345,-0.134075,,
22.5049,10.094,-1.09176,-0.153229,,
22.5149,10.094,-1.09176,-0.114922,,
22.5249,10.094,-1.09176,-0.153229,,
22.5349,10.0748,-1.09176,-0.134075,,
22.5449,10.1131,-1.09176,-0.153229,,
22.5549,10.1131,-1.09176,-0.153229,,
22.5649,10.094,-1.11091,-0.172383,,
22.5749,10.0748,-1.09176,-0.153229,,
22.5849,10.094,-1.0726,-0.134075,,
22.5949,10.0748,-1.09176,-0.153229,,
22.6049,10.0748,-1.0726,-0.153229,,
22.615,10.0748,-1.09176,-0.153229,,
22.625,10.094,-1.09176,-0.172383,,
22.635,10.1131,-1.0726,-0.153229,,
22.645,10.0748,-1.09176,-0.172383,,
22.655,10.0748,-1.0726,-0.191536,,
22.665,10.0748,-1.0726,-0.134075,,
22.675,10.0748,-1.09176,-0.191536,,
22.685,10.094,-1.11091,-0.153229,,
22.695,10.094,-1.11091,-0.172383,,
22.705,10.0748,-1.11091,-0.172383,,
22.715,10.0748,-1.11091,-0.191536,,
22.725,10.0748,-1.11091,-0.172383,,
22.735,10.094,-1.11091,-0.153229,,
22.745,10.0748,-1.09176,-0.172383,,
22.755,10.094,-1.13006,-0.191536,,
22.7651,10.0748,-1.11091,-0.172383,,
22.7751,10.0748,-1.11091,-0.153229,,
22.7851,10.0748,-1.11091,-0.153229,,
22.7951,10.0748,-1.14922,-0.172383,,
22.8051,10.094,-1.11091,-0.191536,,
22.8151,10.0748,-1.0726,-0.114922,,
22.8251,10.0748,-1.0726,-0.172383,,
22.8351,10.094,-1.11091,-0.172383,,
22.8451,10.094,-1.11091,-0.153229,,
22.8551,10.094,-1.0726,-0.134075,,
22.8651,10.094,-1.09176,-0.153229,,
22.8751,10.0748,-1.09176,-0.153229,,
22.8851,10.094,-1.11091,-0.114922,,
22.8951,10.094,-1.09176,-0.114922,,
22.9051,10.0748,-1.09176,-0.134075,,
22.9152,10.0748,-1.11091,-0.134075,,
22.9252,10.094,-1.09176,-0.114922,,
22.9352,10.094,-1.11091,-0.134075,,
22.9452,10.094,-1.11091,-0.134075,,
22.9552,10.094,-1.11091,-0.134075,,
22.9652,10.0748,-1.09176,-0.0957681,,
22.9752,10.094,-1.11091,-0.0766145,,
22.9852,10.094,-1.09176,-0.0957681,,
22.9952,10.094,-1.09176,-0.114922,,
23.0052,10.0748,-1.09176,-0.114922,,
23.0152,10.094,-1.11091,-0.0766145,,
23.0252,10.0748,-1.14922,-0.0957681,,
23.0352,10.0748,-1.11091,-0.114922,,
23.0452,10.0748,-1.13006,-0.0957681,,
23.0552,10.094,-1.13006,-0.0957681,,
23.0653,10.0748,-1.11091,-0.0574608,,
23.0753,10.0748,-1.11091,-0.0957681,,
23.0853,10.094,-1.11091,-0.0957681,,
23.0953,10.094,-1.13006,-0.0766145,,
23.1053,10.0556,-1.11091,-0.0957681,,
23.1153,10.094,-1.13006,-0.0957681,,
23.1253,10.0748,-1.11091,-0.0957681,,
23.1353,10.0748,-1.09176,-0.114922,,
23.1453,10.094,-1.09176,-0.0957681,,
23.1553,10.0748,-1.11091,-0.114922,,
23.1653,10.0748,-1.11091,-0.0766145,,
23.1753,10.0748,-1.11091,-0.0957681,,
23.1853,10.094,-1.11091,-0.0957681,,
23.1953,10.094,-1.11091,-0.0957681,,
23.2053,10.0748,-1.09176,-0.0957681,,
23.2154,10.094,-1.11091,-0.0957681,,
23.2254,10.094,-1.13006,-0.0957681,,
23.2354,10.0748,-1.11091,-0.0766145,,
23.2454,10.0748,-1.13006,-0.114922,,
23.2554,10.094,-1.13006,-0.0957681,,
23.2654,10.094,-1.09176,-0.0957681,,
23.2754,10.094,-1.13006,-0.0766145,,
23.2854,10.0748,-1.09176,-0.134075,,
23.2954,10.0748,-1.11091,-0.0957681,,
23.3054,10.094,-1.11091,-0.114922,,
23.3154,10.0748,-1.13006,-0.0766145,,
23.3254,10.094,-1.09176,-0.0957681,,
23.3354,10.1131,-1.11091,-0.134075,,
23.3454,10.094,-1.11091,-0.0957681,,
23.3554,10.094,-1.11091,-0.134075,,
23.3655,10.094,-1.0726,-0.114922,,
23.3755,10.094,-1.09176,-0.134075,,
23.3855,10.0748,-1.13006,-0.114922,,
23.3955,10.1131,-1.11091,-0.114922,,
23.4055,10.094,-1.09176,-0.153229,,
23.4155,10.094,-1.11091,-0.114922,,
23.4255,10.094,-1.11091,-0.153229,,
23.4355,10.094,-1.11091,-0.153229,,
23.4455,10.094,-1.11091,-0.134075,,
23.4555,10.094,-1.0726,-0.153229,,
23.4655,10.094,-1.11091,-0.153229,,
23.4755,10.094,-1.05345,-0.134075,,
23.4855,10.0748,-1.11091,-0.114922,,
23.4955,10.0748,-1.0726,-0.134075,,
23.5055,10.0748,-1.11091,-0.153229,,
23.5156,10.094,-1.09176,-0.153229,,
23.5256,10.094,-1.09176,-0.134075,,
23.5356,10.0748,-1.11091,-0.134075,,
23.5456,10.094,-1.0726,-0.134075,,
23.5556,10.0748,-1.0726,-0.153229,,
23.5656,10.094,-1.09176,-0.153229,,
23.5756,10.094,-1.11091,-0.134075,,
23.5856,10.094,-1.0726,-0.172383,,
23.5956,10.094,-1.09176,-0.134075,,
23.6056,10.0748,-1.09176,-0.134075,,
23.6156,10.094,-1.09176,-0.134075,,
23.6256,10.0556,-1.0726,-0.134075,,
23.6356,10.0748,-1.09176,-0.114922,,
23.6456,10.1131,-1.09176,-0.134075,,
23.6556,10.094,-1.0726,-0.0766145,,
23.6657,10.1131,-1.0726,-0.114922,,
23.6757,10.1131,-1.05345,-0.0957681,,
23.6857,10.0748,-1.05345,-0.0957681,,
23.6957,10.094,-1.0726,-0.0957681,,
23.7057,10.1131,-1.05345,-0.0957681,,
23.7157,10.094,-1.0726,-0.0766145,,
23.7257,10.0748,-1.09176,-0.0957681,,
23.7357,10.094,-1.0726,-0.0766145,,
23.7457,10.094,-1.11091,-0.114922,,
23.7557,10.0748,-1.09176,-0.0766145,,
23.7657,10.0748,-1.0726,-0.0574608,,
23.7757,10.094,-1.09176,-0.0766145,,
23.7857,10.0748,-1.05345,-0.0574608,,
23.7957,10.094,-1.0726,-0.0766145,,
23.8057,10.0748,-1.0726,-0.0574608,,
23.8157,10.094,-1.09176,-0.0766145,,
23.8258,10.0748,-1.09176,-0.0766145,,
23.8358,10.1131,-1.05345,-0.0574608,,
23.8458,10.1131,-1.0726,-0.0191536,,
23.8558,10.094,-1.0726,-0.0191536,,
23.8658,10.094,-1.0726,-0.0574608,,
23.8758,10.094,-1.05345,-0.0383072,,
23.8858,10.094,-1.05345,-0.0383072,,
23.8958,10.094,-1.09176,-0.0574608,,
23.9058,10.0748,-1.09176,-0.0574608,,
23.9158,10.0748,-1.05345,-0.0383072,,
23.9258,10.0748,-1.0726,-0.0383072,,
23.9358,10.0748,-1.0726,-0.0383072,,
23.9458,10.0748,-1.05345,-0.0574608,,
23.9558,10.094,-1.05345,-0.0574608,,
23.9658,10.094,-1.05345,-0.0383072,,
23.9759,10.0748,-1.0726,-0.0574608,,
23.9859,10.094,-1.05345,-0.0574608,,
23.9959,10.0748,-1.05345,-0.0574608,,
24.0059,10.094,-1.09176,-0.0766145,,
24.0159,10.094,-1.05345,-0.0957681,,
24.0259,10.0748,-1.05345,-0.0383072,,
24.0359,10.094,-1.05345,-0.0766145,,
24.0459,10.0748,-1.09176,-0.0957681,,
24.0559,10.0748,-1.0726,-0.0574608,,
24.0659,10.094,-1.0726,-0.0766145,,
24.0759,10.094,-1.0726,-0.0766145,,
24.0859,10.1131,-1.05345,-0.0574608,,
24.0959,10.094,-1.05345,-0.0957681,,
24.1059,10.0748,-1.09176,-0.0766145,,
24.1159,10.094,-1.0726,-0.0957681,,
24.126,10.094,-1.0726,-0.0957681,,
24.136,10.094,-1.05345,-0.0957681,,
24.146,10.094,-1.0726,-0.114922,,
24.156,10.094,-1.0726,-0.0957681,,
24.166,10.094,-1.0726,-0.0957681,,
24.176,10.1131,-1.0726,-0.0957681,,
24.186,10.0748,-1.0726,-0.0957681,,
24.196,10.1131,-1.09176,-0.0957681,,
24.206,10.094,-1.05345,-0.0957681,,
24.216,10.094,-1.09176,-0.0957681,,
24.226,10.1131,-1.0726,-0.134075,,
24.236,10.094,-1.05345,-0.114922,,
24.246,10.0748,-1.0726,-0.134075,,
24.256,10.0748,-1.0726,-0.114922,,
24.266,10.0748,-1.09176,-0.114922,,
24.2761,10.094,-1.09176,-0.0766145,,
24.2861,10.0748,-1.09176,-0.0957681,,
24.2961,10.094,-1.0726,-0.0766145,,
24.3061,10.0748,-1.11091,-0.114922,,
24.3161,10.094,-1.09176,-0.134075,,
24.3261,10.094,-1.09176,-0.0957681,,
24.3361,10.094,-1.09176,-0.0766145,,
24.3461,10.0748,-1.09176,-0.0957681,,
24.3561,10.0556,-1.0726,-0.114922,,
24.3661,10.094,-1.09176,-0.0957681,,
24.3761,10.1131,-1.11091,-0.0766145,,
24.3861,10.094,-1.11091,-0.0957681,,
24.3961,10.094,-1.0726,-0.0957681,,
24.4061,10.094,-1.11091,-0.0957681,,
24.4161,10.0748,-1.09176,-0.0957681,,
24.4262,10.094,-1.09176,-0.0766145,,
24.4362,10.0748,-1.09176,-0.0766145,,
24.4462,10.094,-1.09176,-0.0957681,,
24.4562,10.0748,-1.13006,-0.0766145,,
24.4662,10.0748,-1.11091,-0.0574608,,
24.4762,10.094,-1.11091,-0.0574608,,
24.4862,10.1131,-1.09176,-0.0574608,,
24.4962,10.094,-1.09176,-0.0574608,,
24.5062,10.094,-1.09176,-0.0574608,,
24.5162,10.094,-1.11091,-0.0574608,,
24.5262,10.094,-1.11091,-0.0766145,,
24.5362,10.1323,-1.11091,-0.0574608,,
24.5462,10.094,-1.09176,-0.0766145,,
24.5562,10.094,-1.09176,-0.0574608,,
24.5662,10.094,-1.09176,-0.0574608,,
24.5763,10.094,-1.09176,-0.0191536,,
24.5863,10.0748,-1.11091,-0.0574608,,
24.5963,10.094,-1.11091,-0.0383072,,
24.6063,10.094,-1.09176,-0.0191536,,
24.6163,10.0748,-1.09176,-0.0383072,,
24.6263,10.0748,-1.09176,-0.0383072,,
24.6363,10.0748,-1.09176,-0.0574608,,
24.6463,10.0748,-1.11091,-0.0574608,,
24.6563,10.0748,-1.11091,-0.0383072,,
24.6663,10.0748,-1.11091,-0.0383072,,
24.6763,10.094,-1.11091,-0.0383072,,
24.6863,10.094,-1.11091,-0.0574608,,
24.6963,10.0748,-1.09176,-0.0574608,,
24.7063,10.1131,-1.11091,-0.0574608,,
24.7163,10.0748,-1.14922,-0.0766145,,
24.7264,10.094,-1.11091,-0.0383072,,
24.7364,10.0748,-1.13006,-0.0383072,,
24.7464,10.094,-1.09176,-0.0383072,,
24.7564,10.094,-1.09176,-0.0574608,,
24.7664,10.094,-1.11091,-0.0383072,,
24.7764,10.094,-1.11091,-0.0574608,,
24.7864,10.0748,-1.11091,-0.0574608,,
24.7964,10.094,-1.11091,-0.0574608,,
24.8064,10.0748,-1.11091,-0.0574608,,
24.8164,10.0748,-1.13006,-0.0574608,,
24.8264,10.0748,-1.11091,-0.0957681,,
24.8364,10.1131,-1.13006,-0.0574608,,
24.8464,10.094,-1.11091,-0.0957681,,
24.8564,10.094,-1.11091,-0.0957681,,
24.8664,10.0748,-1.09176,-0.0766145,,
24.8765,10.0748,-1.11091,-0.114922,,
24.8865,10.0748,-1.11091,-0.114922,,
24.8965,10.0748,-1.09176,-0.0957681,,
24.9065,10.0748,-1.13006,-0.0957681,,
24.9165,10.0748,-1.11091,-0.0957681,,
24.9265,10.0748,-1.13006,-0.114922,,
24.9365,10.0748,-1.13006,-0.114922,,
24.9465,10.0748,-1.11091,-0.114922,,
24.9565,10.094,-1.11091,-0.114922,,
24.9665,10.094,-1.13006,-0.134075,,
24.9765,10.0748,-1.11091,-0.0957681,,
24.9865,10.0748,-1.11091,-0.114922,,
24.9965,10.0748,-1.13006,-0.114922,,
25.0065,10.094,-1.11091,-0.0957681,,
25.0165,10.094,-1.11091,-0.134075,,
25.0266,10.0748,-1.11091,-0.134075,,
25.0366,10.0748,-1.11091,-0.134075,,
25.0466,10.1131,-1.09176,-0.134075,,
25.0566,10.0748,-1.11091,-0.153229,,
25.0666,10.094,-1.11091,-0.134075,,
25.0766,10.094,-1.11091,-0.114922,,
25.0866,10.0748,-1.09176,-0.134075,,
25.0966,10.0748,-1.11091,-0.114922,,
25.1066,10.0748,-1.09176,-0.114922,,
25.1166,10.094,-1.11091,-0.114922,,
25.1266,10.0748,-1.11091,-0.0957681,,
25.1366,10.0748,-1.11091,-0.0957681,,
25.1466,10.0748,-1.11091,-0.134075,,
25.1566,10.0748,-1.09176,-0.134075,,
25.1666,10.0748,-1.09176,-0.114922,,
25.1766,10.094,-1.09176,-0.114922,,
25.1867,10.0748,-1.0726,-0.0957681,,
25.1967,10.094,-1.09176,-0.134075,,
25.2067,10.0748,-1.09176,-0.0957681,,
25.2167,10.094,-1.09176,-0.114922,,
25.2267,10.0748,-1.09176,-0.0957681,,
25.2367,10.094,-1.11091,-0.0957681,,
25.2467,10.094,-1.09176,-0.134075,,
25.2567,10.094,-1.11091,-0.114922,,
25.2667,10.094,-1.09176,-0.0957681,,
25.2767,10.094,-1.11091,-0.0766145,,
25.2867,10.094,-1.11091,-0.0957681,,
25.2967,10.094,-1.09176,-0.0766145,,
25.3067,10.094,-1.09176,-0.0574608,,
25.3167,10.094,-1.0726,-0.0383072,,
25.3267,10.0748,-1.0726,-0.0957681,,
25.3368,10.1131,-1.0726,-0.0766145,,
25.3468,10.094,-1.09176,-0.0766145,,
25.3568,10.1131,-1.09176,-0.0957681,,
25.3668,10.094,-1.09176,-0.0766145,,
25.3768,10.094,-1.0726,-0.0957681,,
25.3868,10.094,-1.09176,-0.0766145,,
25.3968,10.094,-1.0726,-0.0574608,,
25.4068,10.0748,-1.09176,-0.0766145,,
25.4168,10.094,-1.0726,-0.0383072,,
25.4268,10.094,-1.09176,-0.0957681,,
25.4368,10.094,-1.09176,-0.0957681,,
25.4468,10.094,-1.0726,-0.0957681,,
25.4568,10.094,-1.09176,-0.0766145,,
25.4668,10.1131,-1.09176,-0.0574608,,
25.4768,10.0748,-1.0726,-0.0383072,,
25.4869,10.094,-1.0726,-0.0766145,,
25.4969,10.094,-1.09176,-0.0766145,,
25.5069,10.0748,-1.05345,-0.0766145,,
25.5169,10.094,-1.05345,-0.0766145,,
25.5269,10.094,-1.09176,-0.0957681,,
25.5369,10.094,-1.05345,-0.114922,,
25.5469,10.094,-1.0726,-0.0766145,,
25.5569,10.094,-1.0726,-0.0766145,,
25.5669,10.1131,-1.0726,-0.248997,,
25.5769,10.094,-1.11091,-0.114922,,
25.5869,10.094,-1.11091,-0.191536,,
25.5969,10.094,-1.13006,-0.172383,,
25.6069,10.094,-1.0726,-0.0957681,,
25.6169,10.1131,-1.0726,-0.114922,,
25.6269,10.094,-1.05345,-0.0957681,,
25.637,10.0748,-1.0726,-0.0766145,,
25.647,10.1131,-1.0343,-0.0957681,,
25.657,10.094,-1.05345,-0.0957681,,
25.667,10.094,-1.0726,-0.114922,,
25.677,10.0748,-1.09176,-0.0957681,,
25.687,10.094,-1.09176,-0.114922,,
25.697,10.094,-1.05345,-0.114922,,